代码,转债名称,现价,涨跌幅,正股名称,正股价,转股溢价率,债券评级,债底溢价率,到期时间,到期税前收益,剩余年限,剩余规模(亿元),双低,回售收益,回售触发价,基金持仓,强赎触发价,成交额(万元),换手率,操作,期权价值,正股PB,正股波动率,正股涨跌,纯债价值,资产负债率,转债占比,转股价,转股价值
123169,正海转债!,150.460,6.04%,正海磁材R,19.50,-2.55%,AA-,-,28-11-23,-,-,11.378,147.91,增强,8.84,会员,16.42,318446.95,185.33%,,增强,4.21,会员,7.85%,会员,会员,7.00%,12.63,154.39
123231,信测转债!,139.039,5.44%,信测标准R,25.87,-2.08%,AA-,-,29-11-09,-,-,1.944,136.96,增强,12.75,会员,23.69,43828.06,163.95%,,增强,3.93,会员,7.43%,会员,会员,4.80%,18.22,141.99
123031,Z瑞转债!,306.519,-1.24%,晶瑞电材R,11.80,-1.55%,A+,-,25-08-29,-7779%,4天,0.359,304.97,增强,2.65,会员,4.93,32338.74,287.94%,,增强,4.89,会员,-0.34%,会员,会员,0.30%,3.79,311.35
111007,永和转债,161.756,4.88%,永和股份R,32.30,-1.45%,AA-,-,28-10-11,-9.40%,3.13年,7.784,160.31,增强,13.78,会员,25.59,77189.67,61.45%,,增强,3.21,会员,5.62%,会员,会员,6.30%,19.68*,164.13
123130,设研转债!,124.427,-1.26%,设研院,10.16,-1.41%,AA,-,27-11-11,-,-,3.635,123.02,增强,5.64,会员,10.47,27522.30,60.30%,,增强,1.26,会员,-0.49%,会员,会员,11.00%,8.05*,126.21
123162,东杰转债!,283.336,停牌,东杰智能,23.03,-0.96%,BBB+,-,28-10-14,-,-,1.728,282.38,增强,5.64,会员,10.47,0.00,0.00%,,增强,9.04,会员,0.00%,会员,会员,1.60%,8.05,286.09
123141,Z丰转债!,139.493,0.92%,温州宏丰,7.53,-0.89%,BBB+,-,28-03-15,-,-,0.532,138.60,增强,3.75,会员,6.96,16588.48,225.07%,,增强,4.27,会员,0.80%,会员,会员,2.00%,5.35*,140.75
127052,西子转债,139.422,-4.51%,西子洁能R,15.46,-0.89%,AA,-,27-12-24,-8.66%,2.33年,11.087,138.53,增强,7.69,会员,14.29,38442.22,24.35%,,增强,2.68,会员,0.00%,会员,会员,9.90%,10.99**,140.67
127077,华宏转债,160.226,5.07%,华宏科技R,18.00,-0.84%,A,-,28-12-02,-8.60%,3.27年,4.548,159.39,增强,7.80,会员,14.48,159565.32,219.42%,,增强,3.10,会员,6.57%,会员,会员,4.90%,11.14**,161.58
128133,奇正转债!,153.062,2.60%,奇正藏药R,29.31,-0.73%,AA,-,26-09-22,-,-,1.729,152.33,增强,13.31,会员,24.71,23994.91,91.50%,,增强,4.05,会员,2.81%,会员,会员,1.00%,19.01***,154.18
113064,东材转债!,162.887,-3.48%,东材科技R,18.91,-0.68%,AA,-,28-11-16,-,-,3.613,162.21,增强,8.07,会员,14.99,96178.19,162.42%,,增强,3.71,会员,-1.25%,会员,会员,1.90%,11.53,164.01
113549,Z白电转!,132.020,-0.54%,白云电器,10.14,-0.66%,AA,-,25-11-15,-,-,0.480,131.36,增强,5.34,会员,9.92,4708.72,74.05%,,增强,1.41,会员,-0.29%,会员,会员,0.90%,7.63*,132.90
123200,海泰转债!,163.305,-0.61%,海泰科R,42.84,-0.66%,A,-,29-06-27,-,-,1.802,162.65,增强,18.24,会员,33.88,29243.88,98.59%,,增强,3.63,会员,-1.31%,会员,会员,7.10%,26.06,164.39
123145,药石转债!,138.980,1.68%,药石科技R,47.01,-0.64%,AA,-,28-04-20,-,-,6.614,138.34,增强,23.53,会员,43.69,26549.93,28.94%,,增强,2.76,会员,1.73%,会员,会员,7.70%,33.61**,139.87
123120,隆华转债!,143.263,0.84%,隆华科技R,8.79,-0.58%,AA-,-,27-07-30,-,-,0.918,142.68,增强,4.27,会员,7.93,17917.88,135.35%,,增强,2.71,会员,1.03%,会员,会员,1.10%,6.10*,144.10
128076,金轮转债,141.173,-1.31%,物产金轮,18.93,-0.51%,AA-,-,25-10-14,-161.2%,50天,2.063,140.66,增强,9.34,会员,17.34,18582.68,62.99%,,增强,1.49,会员,-1.35%,会员,会员,6.20%,13.34,141.90
123206,开能转债!,126.000,-0.55%,开能健康,6.78,-0.39%,A+,-,29-07-20,-,-,0.912,125.61,增强,3.75,会员,6.97,4121.07,35.70%,,增强,3.23,会员,-0.29%,会员,会员,3.00%,5.36,126.49
113565,宏辉转债,158.400,-1.72%,宏辉果蔬,9.30,-0.36%,A+,-,26-02-26,-58.11%,0.51年,2.209,158.04,增强,4.10,会员,7.61,28695.19,81.03%,,增强,4.53,会员,-2.00%,会员,会员,4.20%,5.85,158.97
127033,中装转2,89.463,-1.36%,*ST中装,3.40,-0.28%,B-,-,27-04-16,16.00%,1.64年,8.438,89.18,增强,2.65,会员,4.93,28811.96,37.83%,,增强,2.41,会员,-3.41%,会员,会员,39.20%,3.79***,89.71
128081,海亮转债,135.273,-0.14%,海亮股份R,12.46,-0.12%,AA,-,25-11-21,-77.49%,0.24年,16.803,135.15,增强,6.44,会员,11.96,45383.54,19.82%,,增强,1.82,会员,-0.24%,会员,会员,6.60%,9.20,135.43
128131,崇达转2!,144.900,-2.04%,崇达技术,14.87,-0.12%,AA,-,26-09-07,-,-,9.293,144.78,增强,7.18,会员,13.33,71953.54,53.41%,,增强,2.22,会员,-3.19%,会员,会员,9.10%,10.25*,145.07
127101,Z鹏转债!,157.800,5.04%,豪鹏科技,79.34,-0.11%,AA-,-,29-12-22,-,-,0.682,157.69,增强,35.15,会员,65.29,43619.23,406.55%,,增强,3.17,会员,4.89%,会员,会员,1.10%,50.22,157.98
118014,高测转债!,163.009,-0.61%,高测股份R,12.02,-0.05%,A+,-,28-07-18,-,-,2.245,162.96,增强,5.16,会员,9.58,44296.02,118.90%,,增强,2.56,会员,-0.91%,会员,会员,2.30%,7.37*,163.09
123087,明电转债!,149.217,2.01%,明阳电路R,17.57,0.04%,AA-,-,26-12-15,-,-,0.803,149.26,增强,7.07,会员,15.31,33648.42,279.64%,,增强,2.54,会员,2.69%,会员,会员,1.40%,11.78**,149.15
113641,华友转债,140.000,-0.52%,华友钴业R,48.11,0.19%,AA+,-,28-02-24,-8.91%,2.50年,75.976,140.19,增强,24.10,会员,44.76,77135.93,7.21%,,增强,2.10,会员,0.35%,会员,会员,9.40%,34.43**,139.73
128132,交建转债,155.500,-0.68%,新疆交建R,15.52,0.19%,AA,-,26-09-15,-25.91%,1.06年,5.127,155.69,增强,7.00,会员,13.00,31675.24,39.51%,,增强,2.90,会员,-0.39%,会员,会员,4.90%,10.00**,155.20
113606,荣泰转债!,163.180,0.07%,荣泰健康,37.48,0.44%,AA-,-,26-10-30,-24.67%,1.18年,1.884,163.62,增强,16.15,会员,29.99,29252.19,94.93%,,增强,3.47,会员,-0.95%,会员,会员,2.60%,23.07,162.46
123232,金现转债!,148.360,-7.59%,金现代,13.73,1.04%,A+,-,29-11-27,-,-,2.023,149.40,增强,6.55,会员,12.16,60822.94,199.52%,,增强,4.97,会员,-2.97%,会员,会员,4.70%,9.35,146.84
127047,帝欧转债,137.299,-1.36%,帝欧家居,6.93,1.04%,A-,-,27-10-25,-6.66%,2.17年,8.710,138.34,增强,3.57,会员,6.63,14803.72,12.24%,,增强,2.09,会员,-2.67%,会员,会员,29.10%,5.10*,135.88
123056,雪榕转债,167.885,-1.12%,雪榕生物,6.80,1.23%,A,-,26-06-24,-38.07%,0.83年,1.766,169.12,增强,2.87,会员,4.92120%,15607.49,52.41%,,增强,3.40,会员,-2.16%,会员,会员,5.00%,4.10***,165.85
118004,博瑞转债,321.439,3.96%,博瑞医药R,109.50,1.98%,AA-,-,28-01-04,-34.78%,2.36年,4.536,323.42,增强,24.32,会员,45.16,112435.47,77.60%,,增强,18.58,会员,3.32%,会员,会员,1.00%,34.74,315.20
113632,鹤21转债,141.660,0.28%,仙鹤股份R,26.36,2.05%,AA,-,27-11-17,-8.98%,2.23年,20.498,143.71,增强,13.29,会员,24.69,20852.70,7.14%,,增强,2.24,会员,1.82%,会员,会员,11.00%,18.99**,138.81
123198,金埔转债,133.362,-1.80%,金埔园林R,9.84,2.33%,A,-,29-06-08,-2.78%,3.79年,3.259,135.69,增强,5.29,会员,9.82,8648.69,19.74%,,增强,1.35,会员,-0.81%,会员,会员,22.10%,7.55*,130.33
110059,浦发转债,114.770,0.06%,浦发银行R,14.01,2.48%,AAA,-,25-10-28,-24.08%,0.17年,353.000,117.25,增强,-,会员,16.26,71503.38,1.76%,,增强,0.56,会员,0.50%,会员,会员,8.30%,12.51,111.99
113664,大元转债!,247.800,-1.61%,大元泵业,49.65,2.76%,AA-,-,28-12-05,-20.14%,3.28年,3.915,250.56,增强,14.41,会员,26.77,364695.36,367.48%,,增强,4.92,会员,-0.90%,会员,会员,4.70%,20.59,241.14
113657,再22转债,153.800,2.22%,再升科技R,6.33,3.02%,AA-,-,28-09-29,-9.32%,3.10年,5.095,156.82,增强,3.39,会员,5.51,93870.57,117.92%,,增强,2.91,会员,3.77%,会员,会员,7.90%,4.24*,149.29
123235,亿田转债!,283.113,8.84%,亿田智能R,58.50,3.13%,AA-,-,29-12-21,-18.26%,4.33年,4.504,286.24,增强,14.92,会员,27.70,238880.12,189.11%,,增强,7.89,会员,8.82%,会员,会员,4.50%,21.31,274.52
123241,欧通转债!,619.600,0.96%,欧陆通R,263.87,3.27%,AA-,-,30-07-05,-29.43%,4.86年,2.771,622.87,增强,30.79,会员,57.17,388925.36,228.54%,,增强,11.99,会员,-1.82%,会员,会员,1.00%,43.98,599.98
110062,烽火转债,135.102,2.53%,烽火通信R,28.37,3.38%,AAA,-,25-12-02,-80.23%,0.27年,30.874,138.48,增强,15.20,会员,28.22,103386.05,24.35%,,增强,2.61,会员,6.81%,会员,会员,9.30%,21.71*,130.68
127081,中旗转债!,431.914,14.03%,中旗新材,61.49,3.68%,A+,-,29-03-03,-31.60%,3.52年,2.288,435.59,增强,10.33,会员,19.19,516896.66,537.57%,,增强,6.58,会员,10.00%,会员,会员,2.30%,14.76*,416.60
113062,常银转债,132.335,0.62%,常熟银行R,7.68,4.08%,AAA,-,28-09-15,-5.95%,3.06年,59.994,136.42,增强,-,会员,7.85,15498.43,1.95%,,增强,0.85,会员,1.05%,会员,会员,23.60%,6.04,127.15
128130,景兴转债,134.050,0.80%,景兴纸业R,4.36,4.23%,AA,-,26-08-31,-16.57%,1.02年,6.646,138.28,增强,2.71,会员,4.41,12262.56,13.79%,,增强,0.94,会员,0.69%,会员,会员,13.30%,3.39,128.61
123243,严牌转债!,150.780,-0.75%,严牌股份R,10.49,4.50%,A+,-,30-07-10,-4.86%,4.88年,3.232,155.28,增强,5.09,会员,9.45,6989.30,14.29%,,增强,2.25,会员,-1.41%,会员,会员,14.30%,7.27,144.29
113669,景23转债,261.181,12.21%,景旺电子R,59.60,4.78%,AA,-,29-04-04,-21.14%,3.61年,9.562,265.96,增强,16.74,会员,31.08,253492.54,106.11%,,增强,4.81,会员,10.00%,会员,会员,1.70%,23.91,249.27
113030,东风转债!,162.586,-1.74%,东峰集团R,4.78,5.45%,AA,-,25-12-24,-94.63%,0.33年,1.907,168.04,增强,2.17,会员,4.03,24003.89,76.13%,,增强,1.71,会员,-2.05%,会员,会员,2.10%,3.10**,154.19
123244,松原转债,166.274,-0.54%,松原安全R,32.03,5.64%,A+,-,30-08-01,-6.53%,4.94年,4.055,171.91,增强,14.25,会员,26.46,31423.43,46.13%,,增强,6.99,会员,-3.14%,会员,会员,8.00%,20.35,157.40
111016,神通转债,157.650,-2.68%,神通科技,17.17,5.77%,AA-,-,29-07-25,-6.97%,3.92年,5.492,163.42,增强,8.06,会员,14.98,13346.91,15.28%,,增强,4.64,会员,-3.43%,会员,会员,7.50%,11.52,149.05
123161,强联转债,180.131,-0.46%,新强联R,37.07,5.93%,AA,-,28-10-11,-13.28%,3.13年,7.248,186.06,增强,15.26,会员,28.34,18885.00,14.41%,,增强,2.38,会员,0.52%,会员,会员,7.30%,21.80**,170.05
113681,镇洋转债,145.217,停牌,镇洋发展,15.29,6.37%,AA-,-,29-12-29,-4.42%,4.35年,5.805,151.59,增强,7.84,会员,14.56,0.00,0.00%,,增强,3.45,会员,0.00%,会员,会员,8.60%,11.20,136.52
123147,中辰转债,144.174,-0.10%,中辰股份R,8.67,6.92%,AA-,-,28-05-31,-6.95%,2.77年,4.984,151.09,增强,4.50,会员,8.36,11275.82,15.68%,,增强,2.41,会员,-0.12%,会员,会员,12.20%,6.43*,134.84
113601,塞力转债!,309.900,15.94%,塞力医疗,34.67,7.26%,BB+,-,26-08-21,-63.77%,0.99年,1.881,317.16,增强,8.40,会员,15.60,550682.68,979.17%,,增强,7.20,会员,9.99%,会员,会员,2.60%,12.00***,288.92
128144,利民转债!,279.492,-0.18%,利民股份R,21.09,7.34%,AA,-,27-03-01,-45.70%,1.51年,2.581,286.83,增强,5.67,会员,10.53,24704.27,34.22%,,增强,2.67,会员,-0.38%,会员,会员,3.00%,8.10**,260.37
123201,纽泰转债!,164.246,-1.65%,纽泰格R,22.99,7.45%,A,-,29-06-27,-7.93%,3.84年,3.091,171.70,增强,10.53,会员,19.55,10605.20,20.70%,,增强,3.68,会员,-3.16%,会员,会员,12.40%,15.04,152.86
127055,精装转债!,178.199,1.57%,中天精装,30.49,8.12%,AA-,-,28-02-22,-15.31%,2.50年,2.135,186.32,增强,12.95,会员,24.05,8666.72,22.79%,,增强,4.07,会员,0.79%,会员,会员,3.80%,18.50,164.81
123209,聚隆转债!,238.000,-0.16%,南京聚隆,39.09,8.19%,A+,-,29-07-26,-16.63%,3.92年,1.675,246.19,增强,12.44,会员,23.10,35141.94,87.54%,,增强,4.36,会员,-0.03%,会员,会员,4.80%,17.77,219.98
123247,万凯转债!,165.701,5.00%,万凯新材R,17.27,8.42%,AA,-,30-08-16,-7.22%,4.98年,25.858,174.12,增强,7.91,会员,14.69,63623.55,14.93%,,增强,1.66,会员,7.20%,会员,会员,50.80%,11.30,152.83
118049,汇成转债!,200.980,2.53%,汇成股份R,14.10,8.47%,AA-,-,30-08-07,-10.59%,4.95年,11.486,209.45,增强,5.33,会员,9.89,26404.43,11.45%,,增强,3.65,会员,1.00%,会员,会员,9.70%,7.61,185.28
123246,远信转债!,168.300,1.40%,远信工业R,35.59,8.52%,A,-,30-08-16,-6.07%,4.98年,2.315,176.82,增强,16.07,会员,29.84,20100.31,51.61%,,增强,4.11,会员,2.30%,会员,会员,8.40%,22.95,155.08
113569,科达转债,141.550,-0.23%,苏州科达R,8.30,8.81%,A-,-,26-03-09,-34.93%,0.54年,2.713,150.36,增强,4.47,会员,8.29,8193.43,21.19%,,增强,4.42,会员,0.24%,会员,会员,6.10%,6.38**,130.09
113545,金能转债,114.193,-1.73%,金能科技R,7.99,8.90%,AA-,-,25-10-14,-27.36%,50天,9.564,123.09,增强,5.33,会员,9.91,17143.21,15.62%,,增强,0.79,会员,0.50%,会员,会员,14.10%,7.62*,104.86
123166,蒙泰转债,144.915,1.53%,蒙泰高新R,31.19,9.05%,A,-,28-11-02,-5.75%,3.19年,2.999,153.97,增强,16.43,会员,30.51,7599.82,17.46%,,增强,3.80,会员,3.31%,会员,会员,14.10%,23.47*,132.89
113631,皖天转债,140.230,-0.20%,皖天然气,8.81,9.19%,AA+,-,27-11-08,-9.38%,2.21年,8.399,149.42,增强,4.80,会员,8.92,6228.66,5.27%,,增强,1.26,会员,-0.11%,会员,会员,19.60%,6.86,128.43
123085,万顺转2,144.700,0.08%,万顺新材R,6.60,9.41%,AA-,-,26-12-11,-19.42%,1.30年,5.365,154.11,增强,3.49,会员,6.49,18682.48,23.99%,,增强,1.12,会员,1.38%,会员,会员,11.20%,4.99**,132.26
113058,友发转债,141.314,-0.22%,友发集团,6.14,9.78%,AA,-,28-03-30,-7.65%,2.60年,19.578,151.09,增强,3.34,会员,6.20,17643.88,6.34%,,增强,1.33,会员,0.82%,会员,会员,22.00%,4.77**,128.72
113069,博23转债,201.500,-2.86%,博威合金R,26.94,9.80%,AA,-,28-12-22,-16.39%,3.33年,14.125,211.30,增强,10.28,会员,19.08,73624.97,25.82%,,增强,2.55,会员,-1.07%,会员,会员,6.40%,14.68,183.51
123160,泰福转债!,167.689,0.71%,泰福泵业R,30.18,9.84%,A,-,28-09-28,-10.40%,3.10年,2.317,177.53,增强,13.84,会员,25.70,11485.31,29.56%,,增强,3.17,会员,0.37%,会员,会员,9.90%,19.77*,152.66
123220,易瑞转债!,161.570,0.29%,易瑞生物R,13.04,9.90%,A+,-,29-08-18,-7.51%,3.98年,2.908,171.47,增强,6.21,会员,11.53,19256.40,40.53%,,增强,6.08,会员,1.09%,会员,会员,5.50%,8.87*,147.01
113628,XD晨丰转,144.771,2.46%,晨丰科技,16.82,9.92%,A,-,27-08-23,-10.03%,2.00年,4.148,154.69,增强,8.94,会员,16.60,19375.04,32.15%,,增强,2.48,会员,4.08%,会员,会员,14.60%,12.77,131.71
123239,锋工转债!,174.087,1.21%,恒锋工具,38.29,9.98%,A+,-,30-01-18,-8.28%,4.40年,4.379,184.07,增强,16.93,会员,31.45,11923.36,15.56%,,增强,4.00,会员,1.75%,会员,会员,7.90%,24.19,158.29
128105,长集转债,134.561,-0.03%,长青集团,6.48,10.06%,AA-,-,26-04-09,-29.48%,0.62年,6.050,144.62,增强,3.71,会员,6.89,9116.52,11.12%,,增强,1.67,会员,0.62%,会员,会员,19.90%,5.30**,122.26
127082,亚科转债,144.081,2.96%,亚太科技,7.05,10.15%,AA,-,29-03-09,-5.98%,3.54年,11.589,154.23,增强,3.77,会员,7.01,30767.98,18.46%,,增强,1.54,会员,5.22%,会员,会员,18.90%,5.39,130.80
128141,旺能转债,141.199,-0.17%,旺能环境R,18.16,10.25%,AA,-,26-12-17,-16.50%,1.31年,11.576,151.45,增强,9.93,会员,18.43,5771.67,3.50%,,增强,1.15,会员,-0.16%,会员,会员,14.80%,14.18,128.07
123049,维尔转债,124.308,0.53%,维尔利,4.00,10.32%,A-,-,26-04-13,-8.02%,0.63年,9.169,134.63,增强,2.49,会员,4.62,5008.75,4.40%,,增强,1.14,会员,-0.74%,会员,会员,29.60%,3.55*****,112.68
113574,华体转债,140.800,-2.10%,华体科技,17.20,10.43%,A,-,26-03-31,-36.80%,0.60年,2.078,151.23,增强,9.44,会员,17.54,13715.63,46.44%,,增强,3.42,会员,-4.18%,会员,会员,7.30%,13.49**,127.50
123213,天源转债,243.500,6.80%,武汉天源R,15.72,10.60%,AA-,-,29-07-28,-17.36%,3.93年,3.268,254.10,增强,5.00,会员,9.28,44519.71,56.14%,,增强,3.22,会员,2.81%,会员,会员,3.10%,7.14,220.17
123187,超达转债!,156.098,-1.08%,超达装备R,44.00,10.79%,A,-,29-04-04,-7.14%,3.61年,2.734,166.89,增强,21.86,会员,40.60,5745.35,13.39%,,增强,2.33,会员,-2.50%,会员,会员,8.30%,31.23,140.89
113646,永吉转债,149.474,停牌,永吉股份,10.88,10.87%,AA-,-,28-04-14,-10.65%,2.64年,1.375,160.34,增强,5.65,会员,10.49,0.00,0.00%,,增强,3.70,会员,0.00%,会员,会员,3.00%,8.07,134.82
123188,水羊转债,176.368,0.25%,水羊股份R,21.54,10.87%,A+,-,29-04-04,-10.21%,3.61年,6.723,187.24,增强,9.48,会员,17.60,69454.46,57.37%,,增强,3.91,会员,4.97%,会员,会员,8.70%,13.54,159.08
127053,豪美转债!,283.200,1.14%,豪美新材,44.88,10.87%,AA-,-,28-01-24,-29.78%,2.42年,2.584,294.07,增强,12.30,会员,22.84,21730.97,29.73%,,增强,4.17,会员,-0.99%,会员,会员,2.30%,17.57*,255.44
113577,春秋转债,149.200,-0.72%,春秋电子R,14.10,11.10%,AA-,-,26-04-14,-39.40%,0.64年,1.775,160.30,增强,7.35,会员,13.65,5765.94,21.78%,,增强,2.11,会员,0.00%,会员,会员,2.90%,10.50,134.29
127020,中金转债,135.945,2.29%,中金岭南R,5.24,11.30%,AA+,-,26-07-20,-21.17%,0.90年,30.225,147.25,增强,3.00,会员,5.58,19369.37,4.73%,,增强,1.36,会员,2.75%,会员,会员,15.40%,4.29,122.14
113663,新化转债!,160.757,1.41%,新化股份R,28.59,11.39%,AA-,-,28-11-28,-8.85%,3.26年,5.021,172.15,增强,13.87,会员,25.75,9807.54,12.15%,,增强,2.22,会员,1.02%,会员,会员,9.10%,19.81*,144.32
123242,赛龙转债!,160.821,-1.31%,聚赛龙R,52.54,11.42%,A+,-,30-07-08,-5.85%,4.87年,2.495,172.24,增强,25.48,会员,47.32,17554.44,43.22%,,增强,2.83,会员,0.02%,会员,会员,15.40%,36.40,144.34
123245,集智转债!,262.300,1.05%,集智股份,42.57,11.59%,A,-,30-08-14,-14.67%,4.97年,1.539,273.89,增强,12.68,会员,23.54,40614.77,98.82%,,增强,5.74,会员,0.92%,会员,会员,4.20%,18.11,235.06
123118,惠城转债!,2246.00,10.13%,惠城环保R,223.47,11.66%,A+,-,27-07-07,-79.67%,1.87年,1.238,2257.7,增强,7.78,会员,14.44,260916.94,96.61%,,增强,32.97,会员,13.00%,会员,会员,0.40%,11.11,2011.43
123119,康泰转2,142.800,3.61%,康泰生物R,20.05,12.04%,AA,-,27-07-15,-11.43%,1.89年,19.990,154.84,增强,11.01,会员,20.45,54123.44,18.91%,,增强,2.33,会员,8.67%,会员,会员,11.10%,15.73*****,127.46
110060,天路转债!,415.000,-0.04%,西藏天路R,15.41,12.30%,AA,-,25-10-28,-425.8%,0.17年,1.202,427.30,增强,2.92,会员,5.42,54251.70,108.32%,,增强,5.43,会员,-0.64%,会员,会员,0.60%,4.17*,369.54
127078,优彩转债,142.783,0.31%,优彩资源,8.39,12.32%,A+,-,28-12-14,-5.12%,3.31年,5.999,155.10,增强,4.62,会员,8.58,6784.28,7.86%,,增强,1.58,会员,-1.64%,会员,会员,29.40%,6.60,127.12
123089,九洲转2,158.400,-0.80%,九洲集团,7.67,12.35%,AA-,-,26-12-21,-20.47%,1.32年,1.729,170.75,增强,3.81,会员,7.07,4811.32,17.43%,,增强,1.95,会员,-0.78%,会员,会员,4.60%,5.44,140.99
123251,华医转债!,169.620,-0.30%,华康洁净R,33.79,12.59%,A+,-,30-12-23,-6.39%,5.33年,7.014,182.21,增强,15.70,会员,29.16,27407.64,22.65%,,增强,2.08,会员,-0.21%,会员,会员,28.50%,22.43,150.65
111012,福新转债!,408.141,0.01%,福莱新材,34.64,12.64%,A+,-,29-01-04,-30.87%,3.36年,1.020,420.78,增强,6.69,会员,12.43,39714.00,94.90%,,增强,6.28,会员,0.00%,会员,会员,1.10%,9.56,362.34
113039,XD嘉泽转,143.580,0.33%,嘉泽新能R,3.90,12.66%,AA,-,26-08-24,-24.85%,1.00年,2.877,156.24,增强,2.14,会员,3.98,5452.26,13.07%,,增强,1.37,会员,0.26%,会员,会员,3.00%,3.06,127.45
110077,洪城转债!,213.599,0.27%,洪城环境R,9.24,12.81%,AA+,-,26-11-20,-41.18%,1.24年,6.685,226.41,增强,3.42,会员,6.34,8861.90,6.23%,,增强,1.22,会员,0.33%,会员,会员,5.60%,4.88,189.34
110063,鹰19转债,124.151,0.15%,山鹰国际R,1.93,13.21%,AA,-,25-12-13,-35.48%,0.30年,12.888,137.36,增强,1.23,会员,2.29,5391.38,3.36%,,增强,0.70,会员,1.05%,会员,会员,11.80%,1.76*****,109.66
123249,英搏转债!,211.679,1.50%,英搏尔R,32.49,13.56%,AA,-,30-10-24,-11.30%,5.17年,6.929,225.24,增强,12.20,会员,22.66,24309.55,16.44%,,增强,4.05,会员,1.53%,会员,会员,11.60%,17.43,186.40
113690,豪24转债,287.700,-1.00%,豪能股份R,16.01,13.75%,AA-,-,30-10-23,-16.08%,5.16年,3.832,301.45,增强,3.80,会员,8.23,27469.50,24.59%,,增强,4.41,会员,-0.87%,会员,会员,2.80%,6.33,252.92
123236,家联转债,147.639,1.10%,家联科技R,19.89,13.79%,AA-,-,29-12-22,-4.83%,4.33年,7.292,161.43,增强,10.73,会员,19.93,9718.70,9.04%,,增强,2.30,会员,0.10%,会员,会员,26.90%,15.33*,129.75
118007,山石转债,151.703,-0.37%,山石网科R,21.98,13.88%,A,-,28-03-22,-9.38%,2.58年,2.672,165.58,增强,11.55,会员,21.45,8920.75,21.81%,,增强,4.69,会员,0.96%,会员,会员,6.70%,16.50*,133.21
113615,金诚转债!,559.200,6.10%,金诚信R,57.84,13.89%,AA,-,26-12-23,-70.15%,1.33年,4.959,573.09,增强,8.25,会员,15.31,79201.32,28.47%,,增强,3.83,会员,6.89%,会员,会员,1.40%,11.78,491.00
113667,春23转债,158.310,0.15%,春秋电子R,14.10,13.96%,AA-,-,29-03-17,-7.73%,3.56年,5.699,172.27,增强,7.11,会员,13.20,5963.30,6.60%,,增强,2.11,会员,0.00%,会员,会员,9.20%,10.15,138.92
127019,国城转债,134.572,1.26%,国城矿业R,14.85,14.01%,A+,-,26-07-15,-20.63%,0.89年,7.518,148.58,增强,8.81,会员,16.35,8144.36,8.02%,,增强,4.63,会员,3.05%,会员,会员,4.50%,12.58*,118.04
127097,三羊转债,157.580,-0.93%,三羊马,51.60,14.30%,A+,-,29-10-26,-6.75%,4.17年,2.095,171.88,增强,26.20,会员,48.66,43467.81,130.61%,,增强,4.85,会员,0.23%,会员,会员,13.80%,37.43,137.86
113046,金田转债,140.096,1.60%,金田股份,12.64,14.38%,AA+,-,27-03-22,-13.48%,1.57年,14.995,154.48,增强,7.22,会员,13.42,45907.02,21.74%,,增强,2.47,会员,2.51%,会员,会员,6.90%,10.32,122.48
113656,嘉诚转债,138.717,0.47%,嘉诚国际,12.55,14.40%,AA-,-,28-09-01,-4.97%,3.02年,7.998,153.12,增强,7.25,会员,13.46,9083.11,8.15%,,增强,2.41,会员,0.40%,会员,会员,13.30%,10.35,121.26
113042,上银转债,128.430,0.02%,上海银行R,9.95,14.49%,AAA,-,27-01-25,-7.35%,1.42年,199.779,142.92,增强,-,会员,11.53,38840.65,1.51%,,增强,0.55,会员,0.40%,会员,会员,14.10%,8.87,112.18
127028,英特转债,140.401,0.09%,英特集团,11.38,14.73%,AA+,-,27-01-05,-16.69%,1.36年,4.062,155.13,增强,6.51,会员,12.09,3957.74,6.91%,,增强,1.25,会员,0.00%,会员,会员,11.10%,9.30*,122.37
123054,思特转债!,164.816,5.34%,思特奇,14.19,14.76%,AA-,-,26-06-10,-38.31%,0.79年,1.667,179.58,增强,6.92,会员,12.84,51527.54,187.75%,,增强,3.23,会员,0.42%,会员,会员,4.10%,9.88,143.62
113651,松霖转债!,234.680,10.09%,松霖科技,31.50,14.81%,AA,-,28-07-20,-21.96%,2.90年,2.379,249.49,增强,10.79,会员,20.03,109293.30,198.83%,,增强,4.11,会员,7.11%,会员,会员,1.80%,15.41,204.41
113668,鹿山转债,148.108,-0.20%,鹿山新材R,20.63,15.22%,A+,-,29-03-27,-5.71%,3.59年,2.549,163.33,增强,11.24,会员,20.87,2723.01,7.17%,,增强,1.92,会员,-0.48%,会员,会员,8.50%,16.05*,128.54
123159,崧盛转债,150.469,1.14%,崧盛股份R,31.69,15.62%,AA-,-,28-09-27,-7.58%,3.09年,2.943,166.09,增强,17.05,会员,31.66,45783.37,103.60%,,增强,4.95,会员,3.16%,会员,会员,12.70%,24.35,130.14
123211,阳谷转债!,178.449,1.61%,阳谷华泰,14.49,15.64%,AA-,-,29-07-27,-9.87%,3.92年,3.072,194.09,增强,6.57,会员,12.21,12219.52,22.18%,,增强,1.82,会员,0.42%,会员,会员,4.90%,9.39,154.31
127092,运机转债!,230.118,3.01%,运机集团,24.05,15.68%,AA-,-,29-09-21,-14.84%,4.08年,5.251,245.80,增强,8.46,会员,15.72,11033.99,9.15%,,增强,2.50,会员,1.01%,会员,会员,14.40%,12.09,198.92
118051,皓元转债!,178.710,4.07%,皓元医药R,62.54,15.87%,AA-,-,30-11-28,-7.81%,5.26年,8.219,194.58,增强,28.39,会员,52.72,27391.94,18.81%,,增强,4.49,会员,6.27%,会员,会员,6.20%,40.55,154.23
118043,福立转债!,214.980,1.30%,福立旺R,27.64,15.89%,AA-,-,29-08-14,-13.96%,3.97年,4.281,230.87,增强,10.43,会员,19.37,35166.04,37.87%,,增强,3.88,会员,1.73%,会员,会员,6.00%,14.90,185.50
123203,明电转02!,172.930,4.71%,明阳电路R,17.57,15.94%,AA-,-,29-07-03,-8.68%,3.86年,1.472,188.87,增强,8.25,会员,15.31,17665.08,70.07%,,增强,2.54,会员,2.69%,会员,会员,2.60%,11.78*,149.15
113685,升24转债,137.797,-0.29%,旭升集团R,14.84,16.16%,AA-,-,30-06-14,-3.52%,4.81年,25.409,153.96,增强,8.76,会员,16.26,10018.48,2.84%,,增强,2.03,会员,-0.60%,会员,会员,18.00%,12.51,118.63
118029,富淼转债,144.288,-0.30%,富淼科技R,22.89,16.17%,A,-,28-12-15,-7.01%,3.31年,4.500,160.46,增强,12.90,会员,23.96,4548.70,6.98%,,增强,1.98,会员,-2.47%,会员,会员,16.10%,18.43*,124.20
111017,蓝天转债,141.139,0.16%,蓝天燃气,10.17,16.30%,AA,-,29-08-15,-5.25%,3.98年,6.715,157.44,增强,5.87,会员,10.89,2879.93,3.03%,,增强,1.94,会员,0.30%,会员,会员,9.20%,8.38,121.36
118030,睿创转债!,211.672,0.39%,睿创微纳R,71.29,16.42%,AA,-,28-12-30,-17.07%,3.35年,14.694,228.09,增强,27.45,会员,50.97,23693.53,7.52%,,增强,5.86,会员,-0.92%,会员,会员,4.50%,39.21,181.82
127076,中宠转2!,256.424,1.84%,中宠股份R,60.45,16.48%,AA-,-,28-10-25,-22.46%,3.17年,4.838,272.90,增强,19.22,会员,35.70,29490.13,23.81%,,增强,6.38,会员,-0.54%,会员,会员,2.60%,27.46,220.14
123207,冠中转债,131.888,-0.36%,冠中生态R,11.82,16.49%,A-,-,29-07-21,-2.41%,3.91年,3.997,148.38,增强,7.31,会员,13.57,6403.51,12.08%,,增强,2.07,会员,-1.17%,会员,会员,25.90%,10.44*,113.22
127095,广泰转债,140.328,0.12%,威海广泰,11.02,16.51%,AA-,-,29-10-18,-3.83%,4.15年,6.928,156.84,增强,6.41,会员,11.90,2911.42,2.99%,,增强,1.85,会员,0.27%,会员,会员,13.10%,9.15,120.44
111019,宏柏转债,139.249,0.21%,宏柏新材R,6.52,16.61%,AA-,-,30-04-17,-3.26%,4.65年,7.204,155.86,增强,3.82,会员,7.10,4931.13,4.90%,,增强,1.97,会员,-0.31%,会员,会员,17.00%,5.46*,119.41
123222,博俊转债!,214.784,2.18%,博俊科技R,30.71,16.66%,A+,-,29-09-08,-13.69%,4.04年,2.441,231.44,增强,11.68,会员,21.68,22585.01,42.82%,,增强,5.05,会员,3.82%,会员,会员,2.80%,16.68,184.11
123177,测绘转债!,161.400,-0.35%,测绘股份,18.19,16.68%,A+,-,29-03-02,-8.33%,3.52年,1.299,178.08,增强,9.21,会员,17.10,4193.95,19.94%,,增强,2.22,会员,-0.87%,会员,会员,4.40%,13.15,138.33
127079,华亚转债!,175.381,-0.20%,华亚智能,46.16,16.68%,A+,-,28-12-16,-11.00%,3.31年,3.107,192.06,增强,21.50,会员,39.92,5366.36,9.84%,,增强,3.48,会员,-1.11%,会员,会员,8.40%,30.71**,150.31
123223,九典转02,152.594,-0.20%,九典制药,19.54,16.75%,A+,-,29-09-15,-6.16%,4.06年,2.053,169.34,增强,10.47,会员,19.44,10236.68,32.58%,,增强,3.69,会员,-0.56%,会员,会员,2.80%,14.95,130.70
127037,银轮转债!,444.975,4.48%,银轮股份R,39.56,16.87%,AA,-,27-06-07,-54.13%,1.78年,5.056,461.85,增强,7.27,会员,13.51,75677.41,34.50%,,增强,5.07,会员,5.66%,会员,会员,1.60%,10.39,380.75
123221,力诺转债!,160.700,2.42%,力诺药包R,19.51,16.97%,A+,-,29-08-23,-8.71%,4.00年,4.056,177.67,增强,9.94,会员,18.46,13471.20,20.95%,,增强,2.91,会员,-0.91%,会员,会员,8.70%,14.20,137.39
118050,航宇转债!,179.700,3.10%,航宇科技R,38.36,16.98%,AA-,-,30-08-21,-7.93%,4.99年,6.668,196.68,增强,17.48,会员,32.46,22027.12,18.37%,,增强,3.89,会员,3.40%,会员,会员,9.10%,24.97,153.62
113686,泰瑞转债,145.639,-0.35%,泰瑞机器,10.14,17.05%,AA-,-,30-07-02,-3.98%,4.86年,3.365,162.69,增强,5.71,会员,10.60,3550.08,7.21%,,增强,2.06,会员,-0.69%,会员,会员,11.30%,8.15,124.42
113052,兴业转债,126.937,-0.01%,兴业银行R,22.95,17.20%,AAA,-,27-12-27,-5.02%,2.34年,413.500,144.14,增强,-,会员,27.55,51339.33,0.98%,,增强,0.54,会员,0.79%,会员,会员,8.50%,21.19,108.31
127071,天箭转债,145.469,1.37%,中天火箭,65.65,17.22%,AA+,-,28-08-22,-8.67%,3.00年,4.949,162.69,增强,37.03,会员,68.77,72622.66,100.20%,,增强,6.30,会员,4.97%,会员,会员,4.90%,52.90,124.10
127107,领益转债,174.100,9.57%,领益智造R,13.56,17.22%,AA+,-,30-11-18,-8.11%,5.24年,21.373,191.32,增强,6.39,会员,11.87,225073.63,61.77%,,增强,4.66,会员,9.98%,会员,会员,2.30%,9.13,148.52
123178,花园转债,138.400,1.17%,花园生物R,15.87,17.30%,AA-,-,29-03-06,-4.15%,3.53年,11.760,155.70,增强,9.42,会员,17.49,8851.65,5.44%,,增强,2.58,会员,1.60%,会员,会员,13.90%,13.45*,117.99
110093,神马转债,135.171,0.13%,神马股份R,9.33,17.50%,AAA,-,29-03-16,-5.52%,3.56年,29.997,152.67,增强,5.68,会员,10.54,10571.56,2.60%,,增强,1.34,会员,-0.11%,会员,会员,32.00%,8.11,115.04
127045,牧原转债,133.662,0.35%,牧原股份R,51.38,17.54%,AA+,-,27-08-16,-10.08%,1.98年,95.431,151.20,增强,31.63,会员,58.73,26686.14,2.09%,,增强,3.57,会员,2.05%,会员,会员,4.90%,45.18,113.72
118039,煜邦转债,137.093,-0.31%,煜邦电力R,8.50,17.74%,A,-,29-07-20,-3.88%,3.90年,4.104,154.83,增强,5.11,会员,9.49,3681.61,6.50%,,增强,3.30,会员,-0.23%,会员,会员,14.40%,7.30,116.44
113672,福蓉转债,149.161,-0.49%,福蓉科技,10.34,17.86%,AA,-,29-07-18,-7.14%,3.90年,3.934,167.02,增强,5.72,会员,10.62,5499.77,9.31%,,增强,4.78,会员,-0.86%,会员,会员,3.80%,8.17,126.56
118048,利扬转债!,176.088,3.12%,利扬芯片R,24.06,17.97%,A+,-,30-07-02,-7.75%,4.86年,4.856,194.06,增强,11.28,会员,20.96,53327.57,62.52%,,增强,4.40,会员,3.04%,会员,会员,9.90%,16.12,149.26
113047,旗滨转债,139.310,-0.02%,旗滨集团R,6.41,18.01%,AA+,-,27-04-09,-12.82%,1.62年,14.981,157.32,增强,3.80,会员,7.06,11095.25,5.27%,,增强,1.24,会员,1.10%,会员,会员,8.70%,5.43**,118.05
127084,柳工转2!,183.169,-0.56%,柳工R,11.33,18.01%,AAA,-,29-03-27,-11.99%,3.59年,24.823,201.18,增强,5.11,会员,9.49,16616.43,3.64%,,增强,1.28,会员,0.80%,会员,会员,10.80%,7.30,155.21
123149,通裕转债,134.513,0.07%,通裕重工R,3.10,18.02%,AA,-,28-06-20,-5.39%,2.82年,14.841,152.53,增强,1.90,会员,3.54,10327.58,5.16%,,增强,1.75,会员,1.64%,会员,会员,12.90%,2.72,113.97
123059,银信转债!,172.500,-0.81%,银信科技,13.36,18.14%,AA-,-,26-07-15,-35.70%,0.89年,1.569,190.64,增强,6.41,会员,11.90,5905.91,21.63%,,增强,3.60,会员,-0.52%,会员,会员,2.60%,9.15,146.01
123217,富仕转债,142.000,0.42%,四会富仕,35.49,18.20%,AA-,-,29-08-08,-5.46%,3.96年,5.699,160.20,增强,20.68,会员,38.40,6512.35,8.04%,,增强,3.09,会员,0.65%,会员,会员,11.70%,29.54,120.14
127086,恒邦转债,133.231,1.09%,恒邦股份R,12.60,18.32%,AA+,-,29-06-12,-4.56%,3.80年,31.592,151.55,增强,7.83,会员,14.55,17961.67,4.26%,,增强,1.45,会员,2.11%,会员,会员,27.50%,11.19,112.60
127039,北港转债,138.000,0.86%,北部湾港R,8.59,18.72%,AAA,-,27-06-29,-11.75%,1.84年,10.799,156.72,增强,5.17,会员,9.61,6415.06,4.29%,,增强,1.14,会员,2.51%,会员,会员,6.80%,7.39,116.24
127089,晶澳转债,128.906,0.39%,晶澳科技R,12.64,18.92%,AA+,-,29-07-18,-3.62%,3.90年,89.592,147.83,增强,8.16,会员,15.16,35412.44,3.06%,,增强,1.61,会员,3.02%,会员,会员,21.40%,11.66*,108.40
113597,佳力转债,144.843,0.21%,佳力图,10.55,19.17%,AA-,-,26-07-30,-20.01%,0.93年,2.974,164.01,增强,6.08,会员,11.28,8554.47,19.79%,,增强,3.03,会员,1.44%,会员,会员,5.20%,8.68*,121.54
113649,丰山转债,137.999,0.03%,丰山集团,15.90,19.17%,AA-,-,28-06-27,-5.30%,2.84年,4.591,157.17,增强,9.61,会员,17.85,4378.63,6.88%,,增强,1.64,会员,-0.25%,会员,会员,17.50%,13.73,115.80
111005,富春转债!,155.000,-2.61%,富春染织,15.56,19.34%,AA-,-,28-06-23,-11.12%,2.83年,5.298,174.34,增强,8.39,会员,15.57,8444.22,10.17%,,增强,1.60,会员,-0.32%,会员,会员,17.50%,11.98*,129.88
118041,星球转债,138.100,-1.10%,星球石墨R,26.75,19.46%,A+,-,29-07-31,-3.72%,3.93年,6.198,157.56,增强,16.20,会员,30.08,5982.53,6.94%,,增强,2.38,会员,-1.55%,会员,会员,16.10%,23.14,115.60
123173,恒锋转债,146.112,-0.59%,恒锋信息,16.84,19.48%,A-,-,28-12-30,-5.76%,3.35年,2.408,165.59,增强,9.64,会员,17.90,7356.06,20.78%,,增强,5.68,会员,-0.77%,会员,会员,12.00%,13.77,122.29
128127,文科转债,125.840,-0.56%,文科股份,4.65,19.62%,A-,-,26-08-20,-8.76%,0.99年,8.038,145.46,增强,3.09,会员,5.75,7430.26,7.32%,,增强,13.06,会员,-2.92%,会员,会员,36.60%,4.42*,105.20
127093,章鼓转债,148.200,-0.80%,山东章鼓R,12.54,19.95%,A+,-,29-10-17,-5.35%,4.15年,2.425,168.15,增强,7.11,会员,13.20,8000.81,22.06%,,增强,3.02,会员,-0.40%,会员,会员,6.90%,10.15,123.55
110094,众和转债,141.424,1.08%,新疆众和R,7.84,19.96%,AA,-,29-07-18,-5.44%,3.90年,9.944,161.38,增强,4.66,会员,8.65,6297.93,4.45%,,增强,0.98,会员,2.08%,会员,会员,9.00%,6.65*,117.89
123107,温氏转债,129.654,-0.41%,温氏股份R,17.92,20.03%,AAA,-,27-03-29,-10.01%,1.59年,77.064,149.68,增强,11.61,会员,21.57,21852.51,2.17%,,增强,2.76,会员,1.19%,会员,会员,7.20%,16.59,108.02
118006,阿拉转债,141.297,-0.42%,阿拉丁R,15.76,20.05%,A+,-,28-03-15,-6.53%,2.56年,3.870,161.35,增强,9.37,会员,17.41,4549.72,8.29%,,增强,4.89,会员,-0.63%,会员,会员,7.40%,13.39**,117.70
127096,泰坦转债!,155.280,-1.10%,泰坦股份,17.14,20.22%,A,-,29-10-25,-5.95%,4.17年,2.920,175.50,增强,9.29,会员,17.25,13129.62,28.58%,,增强,2.54,会员,-1.15%,会员,会员,7.90%,13.27,129.16
110097,天润转债!,165.896,-1.15%,天润乳业,11.31,20.42%,AA,-,30-10-24,-6.95%,5.17年,9.890,186.32,增强,5.75,会员,10.67,13604.34,8.27%,,增强,1.49,会员,-1.65%,会员,会员,27.70%,8.21,137.76
118016,京源转债!,167.900,0.83%,京源环保R,9.63,20.48%,A,-,28-08-05,-11.08%,2.95年,1.675,188.38,增强,4.84,会员,8.98,12788.36,45.54%,,增强,2.53,会员,-1.03%,会员,会员,7.40%,6.91,139.36
127015,希望转债,114.560,0.05%,新希望R,10.07,20.48%,AAA,-,26-01-03,-20.98%,0.36年,9.494,135.04,增强,7.41,会员,13.77,3835.38,3.51%,,增强,1.76,会员,0.80%,会员,会员,2.10%,10.59*,95.09
113658,密卫转债,135.425,0.56%,密尔克卫R,62.58,20.58%,AA-,-,27-09-16,-7.94%,2.06年,8.719,156.01,增强,39.00,会员,72.44,7343.30,6.22%,,增强,2.17,会员,2.10%,会员,会员,8.80%,55.72*,112.31
127026,超声转债,137.762,0.02%,超声电子R,13.96,20.59%,AA,-,26-12-08,-16.36%,1.29年,6.997,158.35,增强,8.55,会员,15.89,4551.27,4.71%,,增强,1.56,会员,0.87%,会员,会员,9.30%,12.22,114.24
113676,荣23转债,135.066,0.06%,荣晟环保,12.44,20.63%,AA-,-,29-08-18,-3.16%,3.98年,5.758,155.70,增强,7.78,会员,14.44,4134.54,5.30%,,增强,1.42,会员,-0.32%,会员,会员,17.00%,11.11*,111.97
113033,利群转债,117.453,0.17%,利群股份,4.71,20.70%,AA,-,26-04-01,-10.62%,0.60年,12.967,138.15,增强,3.39,会员,6.29,5990.61,3.91%,,增强,1.02,会员,0.64%,会员,会员,30.10%,4.84*,97.31
118013,道通转债!,214.112,2.16%,道通科技R,39.95,20.86%,AA,-,28-07-08,-18.89%,2.87年,12.797,234.97,增强,15.79,会员,29.32,23127.52,8.49%,,增强,7.27,会员,1.37%,会员,会员,4.80%,22.55,177.16
110074,精达转债!,310.677,2.11%,精达股份R,8.61,20.88%,AA,-,26-08-19,-65.20%,0.98年,2.701,331.56,增强,2.35,会员,4.36,15299.65,18.29%,,增强,3.15,会员,0.12%,会员,会员,1.50%,3.35,257.01
123189,晓鸣转债,140.814,1.09%,晓鸣股份R,22.53,20.88%,A,-,29-04-06,-4.78%,3.62年,3.287,161.69,增强,13.54,会员,25.14,10151.17,22.00%,,增强,4.64,会员,2.36%,会员,会员,11.70%,19.34,116.49
127105,龙星转债,135.043,0.79%,龙星科技,6.48,20.88%,AA-,-,30-01-31,-2.73%,4.44年,7.540,155.92,增强,4.06,会员,7.54,8070.11,7.93%,,增强,1.74,会员,-0.31%,会员,会员,23.80%,5.80,111.72
118012,微芯转债!,184.299,0.62%,微芯生物R,38.51,20.89%,A+,-,28-07-05,-14.32%,2.86年,4.998,205.19,增强,17.68,会员,32.84,25940.88,28.03%,,增强,10.05,会员,0.03%,会员,会员,3.20%,25.26,152.45
110082,宏发转债,138.335,0.40%,宏发股份R,25.99,20.93%,AA,-,27-10-28,-8.18%,2.17年,19.994,159.27,增强,15.90,会员,29.54,6480.47,2.33%,,增强,3.81,会员,1.09%,会员,会员,5.30%,22.72*,114.39
111018,华康转债,141.089,0.97%,华康股份,19.20,20.95%,AA-,-,29-12-25,-3.78%,4.34年,13.022,162.04,增强,11.52,会员,21.40,6896.42,3.75%,,增强,1.80,会员,1.86%,会员,会员,22.70%,16.46,116.65
113654,永02转债,141.274,-0.48%,永创智能,11.30,21.14%,AA-,-,28-08-04,-6.43%,2.94年,6.104,162.41,增强,6.78,会员,12.60,4542.09,5.24%,,增强,2.18,会员,-0.09%,会员,会员,11.20%,9.69*,116.62
118021,新致转债!,287.715,-1.28%,新致软件R,25.08,21.14%,A,-,28-09-27,-25.67%,3.09年,1.991,308.86,增强,7.39,会员,13.73,91814.09,156.43%,,增强,4.47,会员,-2.45%,会员,会员,3.00%,10.56,237.50
123237,佳禾转债!,176.472,1.89%,佳禾智能,19.60,21.19%,A+,-,30-01-04,-9.00%,4.36年,4.316,197.66,增强,9.42,会员,17.50,9385.74,12.31%,,增强,2.44,会员,-0.05%,会员,会员,5.90%,13.46*,145.62
123146,中环转2,130.351,0.02%,中环环保,6.70,21.21%,AA-,-,28-05-06,-3.35%,2.70年,8.592,151.56,增强,4.36,会员,8.10,6230.63,5.54%,,增强,1.23,会员,0.45%,会员,会员,34.20%,6.23*,107.54
123076,强力转债,143.125,-0.10%,强力新材R,14.97,21.43%,AA-,-,26-11-19,-16.45%,1.24年,5.826,164.56,增强,8.89,会员,16.51,11631.08,13.88%,,增强,4.28,会员,0.60%,会员,会员,9.80%,12.70*,117.87
123233,凯盛转债,142.156,0.31%,凯盛新材R,23.42,21.46%,AA-,-,29-11-29,-4.02%,4.27年,6.499,163.62,增强,14.01,会员,26.01,10481.06,11.30%,,增强,5.76,会员,0.47%,会员,会员,7.10%,20.01,117.04
118045,盟升转债!,246.208,3.50%,盟升电子R,42.43,21.51%,A,-,29-09-12,-17.13%,4.05年,1.239,267.72,增强,14.66,会员,27.22,37484.06,125.08%,,增强,4.46,会员,1.65%,会员,会员,1.70%,20.94**,202.63
127094,红墙转债,144.099,0.07%,红墙股份,12.38,21.52%,A+,-,29-10-18,-4.29%,4.15年,3.012,165.62,增强,7.31,会员,13.57,8093.41,18.61%,,增强,1.57,会员,-0.96%,会员,会员,17.50%,10.44,118.58
123240,楚天转债,134.766,-0.32%,楚天科技R,8.87,21.54%,AA,-,30-01-30,-3.62%,4.44年,10.000,156.31,增强,5.60,会员,10.40,6322.46,4.67%,,增强,1.21,会员,0.00%,会员,会员,19.60%,8.00**,110.88
111020,合顺转债,143.667,0.46%,聚合顺,12.51,21.62%,AA-,-,30-07-22,-3.70%,4.91年,3.380,165.29,增强,7.41,会员,13.77,5397.09,11.15%,,增强,2.01,会员,-0.40%,会员,会员,8.60%,10.59,118.13
110096,豫光转债!,183.581,4.22%,豫光金铅R,8.97,21.77%,AA,-,30-08-12,-9.01%,4.97年,7.099,205.35,增强,4.17,会员,7.74,16393.19,12.72%,,增强,1.71,会员,3.94%,会员,会员,7.30%,5.95,150.76
113640,苏利转债,140.677,0.61%,苏利股份,19.87,21.78%,AA-,-,28-02-16,-6.80%,2.48年,9.102,162.46,增强,12.04,会员,22.36,5429.66,4.24%,,增强,1.48,会员,-0.05%,会员,会员,25.10%,17.20*,115.52
118044,赛特转债,142.931,0.77%,赛特新材R,22.18,21.80%,A+,-,29-09-11,-4.77%,4.05年,4.420,164.73,增强,13.23,会员,24.57,8457.49,13.44%,,增强,3.19,会员,2.02%,会员,会员,11.90%,18.90*,117.35
118031,天23转债,127.230,-0.48%,天合光能R,16.71,21.82%,AA,-,29-02-13,-1.87%,3.47年,88.645,149.05,增强,11.20,会员,20.80,55441.68,4.88%,,增强,1.45,会员,-0.18%,会员,会员,24.30%,16.00**,104.44
127070,大中转债,137.222,0.53%,大中矿业,12.12,21.82%,AA,-,28-08-17,-5.75%,2.98年,15.190,159.04,增强,7.53,会员,13.99,12235.04,5.83%,,增强,2.81,会员,0.33%,会员,会员,9.70%,10.76,112.64
123225,翔丰转债,140.122,0.16%,翔丰华R,31.54,21.91%,AA-,-,29-10-10,-3.17%,4.13年,5.735,162.03,增强,19.21,会员,35.67,5935.84,7.37%,,增强,1.73,会员,-0.19%,会员,会员,16.70%,27.44*,114.94
123157,科蓝转债,156.180,0.31%,科蓝软件R,20.48,22.09%,A,-,28-08-30,-8.64%,3.02年,2.341,178.27,增强,11.21,会员,20.81,19557.54,53.02%,,增强,12.11,会员,1.14%,会员,会员,2.50%,16.01,127.92
110070,凌钢转债,133.575,1.49%,凌钢股份R,2.15,22.39%,AA,-,26-04-13,-25.52%,0.63年,2.170,155.97,增强,1.38,会员,2.56,4589.01,15.84%,,增强,1.14,会员,2.38%,会员,会员,3.60%,1.97*,109.14
113056,重银转债,126.138,-0.49%,重庆银行,9.95,22.58%,AAA,-,28-03-23,-3.86%,2.58年,129.987,148.72,增强,-,会员,12.57,22622.02,1.37%,,增强,0.56,会员,0.00%,会员,会员,69.50%,9.67,102.90
127040,国泰转债,131.100,3.19%,江苏国泰R,8.36,22.63%,AA+,-,27-07-07,-9.15%,1.87年,39.870,153.73,增强,5.47,会员,10.17,47733.28,9.05%,,增强,0.85,会员,10.00%,会员,会员,29.90%,7.82,106.91
110067,华安转债,141.051,-0.37%,华安证券R,6.68,22.89%,AAA,-,26-03-12,-44.50%,0.55年,27.992,163.94,增强,-,会员,7.57,16990.96,4.25%,,增强,1.37,会员,0.91%,会员,会员,9.00%,5.82*,114.78
113689,洛凯转债,153.750,1.46%,洛凯股份,19.18,22.89%,AA-,-,30-10-17,-4.79%,5.15年,4.029,176.64,增强,10.73,会员,19.93,8706.59,13.94%,,增强,2.78,会员,0.26%,会员,会员,13.10%,15.33,125.11
123061,航新转债,145.276,0.32%,航新科技,17.52,22.89%,A-,-,26-07-22,-20.77%,0.91年,1.675,168.17,增强,10.37,会员,19.27,3052.13,12.50%,,增强,5.61,会员,1.27%,会员,会员,3.90%,14.82,118.22
123158,宙邦转债,142.782,3.47%,新宙邦R,47.38,23.71%,AA,-,28-09-26,-7.09%,3.09年,19.694,166.49,增强,28.74,会员,53.37,69987.97,24.71%,,增强,3.52,会员,9.85%,会员,会员,7.70%,41.05,115.42
123215,铭利转债,140.282,0.42%,铭利达R,21.76,23.78%,AA-,-,29-08-03,-3.44%,3.94年,8.555,164.06,增强,13.44,会员,24.96,5085.80,4.21%,,增强,4.74,会员,-0.59%,会员,会员,21.80%,19.20*,113.33
123112,万讯转债,143.200,-0.77%,万讯自控,9.60,23.81%,AA-,-,27-04-08,-10.25%,1.62年,2.265,167.01,增强,5.81,会员,10.79,2800.84,8.59%,,增强,2.63,会员,-1.54%,会员,会员,9.90%,8.30,115.66
113687,振华转债!,290.900,4.83%,振华股份R,19.26,23.85%,AA,-,30-07-12,-17.60%,4.88年,4.060,314.75,增强,5.74,会员,10.66,64412.99,55.34%,,增强,4.08,会员,2.94%,会员,会员,3.00%,8.20,234.88
110095,双良转债,129.550,-0.95%,双良节能R,6.44,24.32%,AA-,-,29-08-08,-3.17%,3.96年,25.774,153.87,增强,4.33,会员,8.03,15336.26,4.57%,,增强,2.62,会员,-1.68%,会员,会员,21.40%,6.18**,104.21
113688,国检转债,137.300,0.22%,国检集团,7.17,24.85%,AA+,-,30-10-17,-3.19%,5.15年,7.998,162.15,增强,4.56,会员,8.48,9206.44,8.33%,,增强,2.81,会员,-0.42%,会员,会员,13.90%,6.52,109.97
123230,金钟转债,138.450,-1.21%,金钟股份R,26.96,25.05%,A,-,29-11-09,-3.24%,4.21年,3.498,163.50,增强,17.05,会员,31.66,7409.19,15.20%,,增强,2.54,会员,-1.79%,会员,会员,13.50%,24.35*,110.72
128137,洁美转债,140.369,-0.31%,洁美科技R,29.80,25.11%,AA-,-,26-11-04,-16.33%,1.20年,5.986,165.48,增强,18.59,会员,34.53,6497.25,7.73%,,增强,4.29,会员,-0.10%,会员,会员,5.00%,26.56,112.20
111015,东亚转债,128.800,0.40%,东亚药业,20.87,25.16%,A+,-,29-07-06,-2.00%,3.87年,6.662,153.96,增强,14.20,会员,26.36,4313.38,5.02%,,增强,1.29,会员,-0.05%,会员,会员,28.40%,20.28*,102.91
123212,立中转债,134.176,0.88%,立中集团R,19.97,25.37%,AA-,-,29-07-27,-3.38%,3.92年,8.997,159.55,增强,13.06,会员,24.26,6866.88,5.68%,,增强,1.71,会员,2.94%,会员,会员,8.10%,18.66*,107.02
113677,华懋转债!,217.246,5.96%,华懋科技R,58.44,25.50%,AA-,-,29-09-14,-14.42%,4.06年,10.500,242.75,增强,23.63,会员,43.89,119219.70,52.62%,,增强,6.12,会员,8.62%,会员,会员,5.50%,33.76,173.10
128095,恩捷转债,127.116,0.65%,恩捷股份R,32.24,26.21%,AA,-,26-02-11,-28.91%,0.47年,4.527,153.33,增强,22.41,会员,41.61,4709.25,8.14%,,增强,1.26,会员,1.10%,会员,会员,1.70%,32.01*,100.72
110090,爱迪转债,140.313,-0.27%,爱柯迪R,19.70,26.28%,AA,-,28-09-23,-6.70%,3.08年,15.697,166.59,增强,12.41,会员,23.05,8411.37,3.79%,,增强,2.28,会员,-0.25%,会员,会员,8.20%,17.73,111.11
128116,瑞达转债,144.500,-0.72%,瑞达期货,23.45,26.32%,AA,-,26-06-29,-28.30%,0.84年,6.489,170.82,增强,14.35,会员,26.65,5275.95,5.60%,,增强,3.46,会员,-0.30%,会员,会员,6.20%,20.50*,114.39
118008,海优转债,132.522,0.41%,海优新材R,49.06,26.42%,A,-,28-06-23,-3.85%,2.83年,6.939,158.94,增强,32.76,会员,60.84,8870.45,9.57%,,增强,2.66,会员,1.62%,会员,会员,16.80%,46.80***,104.83
123128,首华转债,129.600,0.14%,首华燃气,12.44,26.57%,AA-,-,27-11-01,-6.07%,2.19年,13.403,156.17,增强,8.51,会员,15.80,8885.58,5.12%,,增强,1.68,会员,0.97%,会员,会员,39.70%,12.15**,102.39
127072,博实转债,146.238,0.73%,博实股份R,17.40,26.57%,AA,-,28-09-22,-7.32%,3.08年,4.498,172.81,增强,10.54,会员,19.58,3305.29,5.01%,,增强,4.50,会员,1.58%,会员,会员,3.10%,15.06,115.54
127041,弘亚转债,130.797,0.42%,弘亚数控,17.87,26.63%,AA-,-,26-07-12,-13.69%,0.88年,5.999,157.43,增强,12.11,会员,22.49,5266.71,6.70%,,增强,2.56,会员,-0.50%,会员,会员,11.60%,17.30*,103.29
123199,山河转债,135.888,0.06%,山河药辅,14.26,26.74%,A+,-,29-06-12,-4.94%,3.80年,3.198,162.63,增强,9.31,会员,17.29,1950.62,4.47%,,增强,3.51,会员,0.49%,会员,会员,12.00%,13.30*,107.22
123092,天壕转债,137.753,-0.11%,天壕能源R,5.41,26.81%,A+,-,26-12-24,-11.49%,1.33年,3.423,164.56,增强,3.49,会员,6.47,3412.99,7.22%,,增强,1.09,会员,0.00%,会员,会员,7.60%,4.98,108.63
123193,海能转债,135.911,0.71%,海能实业,15.73,27.01%,AA-,-,29-04-13,-3.54%,3.64年,5.997,162.92,增强,10.29,会员,19.11,11408.04,13.96%,,增强,2.96,会员,0.64%,会员,会员,20.00%,14.70,107.01
123129,锦鸡转债,147.460,-0.70%,锦鸡股份,9.19,27.08%,A+,-,27-11-04,-10.63%,2.19年,1.937,174.54,增强,4.75,会员,9.50120%,7101.41,24.75%,,增强,2.49,会员,-1.29%,会员,会员,5.70%,7.92*,116.04
123234,中能转债,130.828,-0.31%,中能电气,5.66,27.13%,A+,-,29-12-11,-2.12%,4.30年,3.998,157.96,增强,3.85,会员,7.15,3809.30,7.25%,,增强,2.57,会员,-0.53%,会员,会员,18.30%,5.50*,102.91
113621,彤程转债,147.900,1.10%,彤程新材R,36.11,27.42%,AA,-,27-01-26,-18.06%,1.42年,5.363,175.32,增强,21.78,会员,40.44,4612.85,5.84%,,增强,6.31,会员,-0.30%,会员,会员,2.50%,31.11,116.07
113588,润达转债,185.850,1.56%,润达医疗R,18.90,27.54%,AA,-,26-06-17,-51.16%,0.81年,2.343,213.39,增强,9.08,会员,16.86,18771.66,43.07%,,增强,2.65,会员,3.00%,会员,会员,2.10%,12.97,145.72
113678,中贝转债,142.700,0.64%,中贝通信R,23.42,27.65%,A+,-,29-10-19,-4.00%,4.15年,5.110,170.35,增强,14.67,会员,27.24,10326.62,14.08%,,增强,4.94,会员,0.52%,会员,会员,5.00%,20.95*,111.79
127104,姚记转债!,177.101,0.60%,姚记科技,27.85,27.69%,A+,-,30-01-24,-8.46%,4.42年,5.827,204.79,增强,14.06,会员,26.10,7603.97,7.36%,,增强,3.19,会员,0.91%,会员,会员,6.20%,20.08,138.70
118003,华兴转债,142.089,0.02%,华兴源创R,29.14,27.71%,AA,-,27-11-29,-9.68%,2.26年,7.109,169.80,增强,18.33,会员,34.05,5308.32,5.21%,,增强,3.84,会员,-0.44%,会员,会员,5.50%,26.19**,111.26
110084,贵燃转债,128.888,-0.12%,贵州燃气R,7.18,27.81%,AA,-,27-12-27,-5.45%,2.34年,9.151,156.70,增强,4.98,会员,9.26,5063.79,4.28%,,增强,2.57,会员,0.14%,会员,会员,11.10%,7.12*,100.84
127099,盛航转债,136.544,-0.11%,盛航股份,16.53,27.87%,AA-,-,29-12-06,-2.99%,4.29年,4.541,164.41,增强,10.84,会员,20.12,2301.73,3.70%,,增强,1.47,会员,-0.42%,会员,会员,17.20%,15.48*,106.78
123155,中陆转债,137.713,3.40%,中环海陆R,34.16,28.03%,A+,-,28-08-12,-4.80%,2.97年,3.600,165.74,增强,22.23,会员,41.29,11972.34,24.45%,,增强,3.93,会员,9.21%,会员,会员,11.20%,31.76,107.56
123091,长海转债,135.741,-1.07%,长海股份,16.33,28.35%,AA,-,26-12-23,-13.17%,1.33年,5.497,164.09,增强,10.81,会员,20.07,5689.99,7.57%,,增强,1.41,会员,-2.22%,会员,会员,13.70%,15.44,105.76
127061,美锦转债,116.200,-0.32%,美锦能源R,4.76,28.41%,A+,-,28-04-20,1.92%,2.65年,27.891,144.61,增强,3.68,会员,6.84,21531.82,6.60%,,增强,1.52,会员,1.06%,会员,会员,13.30%,5.26*,90.49
113043,财通转债,140.450,-0.52%,财通证券R,8.84,28.53%,AAA,-,26-12-10,-18.64%,1.29年,37.992,168.98,增强,-,会员,10.52,23585.09,4.39%,,增强,1.12,会员,0.34%,会员,会员,9.30%,8.09*,109.27
113691,和邦转债,126.806,0.72%,和邦生物R,1.97,28.74%,AA,-,30-10-28,-1.89%,5.18年,45.995,155.55,增强,1.40,会员,2.60,18497.49,3.15%,,增强,0.94,会员,3.14%,会员,会员,26.40%,2.00,98.50
128101,联创转债,136.099,-0.37%,联创电子R,11.80,28.83%,AA-,-,26-03-16,-34.48%,0.56年,2.984,164.93,增强,7.82,会员,14.52,4370.22,10.73%,,增强,5.72,会员,-0.17%,会员,会员,2.40%,11.17**,105.64
111003,聚合转债,142.301,-0.25%,聚合顺,12.51,29.33%,AA-,-,28-03-07,-6.94%,2.53年,2.036,171.63,增强,7.96,会员,14.78,2729.51,9.40%,,增强,2.01,会员,-0.40%,会员,会员,5.20%,11.37*,110.03
113692,保隆转债,140.000,-0.62%,保隆科技R,42.95,29.40%,AA,-,30-10-31,-4.01%,5.19年,13.899,169.40,增强,27.79,会员,51.61,10210.97,5.18%,,增强,2.70,会员,-0.51%,会员,会员,15.10%,39.70,108.19
113683,伟24转债,143.200,0.21%,伟明环保R,19.37,29.75%,AA,-,30-03-28,-4.83%,4.59年,2.847,172.95,增强,12.29,会员,22.82,1591.71,3.91%,,增强,2.36,会员,-0.26%,会员,会员,0.90%,17.55,110.37
127109,电化转债,178.300,1.02%,湘潭电化R,13.87,29.83%,AA,-,31-06-16,-7.41%,5.81年,4.870,208.13,增强,7.07,会员,13.13,10874.53,12.52%,,增强,2.87,会员,1.24%,会员,会员,5.60%,10.10,137.33
113070,渝水转债,127.626,0.23%,重庆水务R,4.76,30.04%,AAA,-,31-01-09,-2.51%,5.38年,18.998,157.67,增强,3.40,会员,6.31,7467.81,3.07%,,增强,1.32,会员,0.21%,会员,会员,8.30%,4.85,98.14
111013,新港转债,136.505,-0.34%,新中港,9.09,30.20%,AA-,-,29-03-08,-3.72%,3.54年,3.681,166.71,增强,6.07,会员,11.27,6301.28,12.50%,,增强,2.73,会员,-0.98%,会员,会员,10.10%,8.67,104.84
127018,本钢转债,123.617,0.37%,本钢板材R,3.75,30.21%,AAA,-,26-06-29,-4.43%,0.84年,56.310,153.83,增强,2.77,会员,5.14,18270.14,2.62%,,增强,1.39,会员,0.54%,会员,会员,40.50%,3.95,94.94
127054,双箭转债,130.969,-0.46%,双箭股份,7.09,30.42%,AA,-,28-02-11,-5.12%,2.47年,5.136,161.39,增强,4.94,会员,9.18,2537.11,3.75%,,增强,1.33,会员,-0.70%,会员,会员,22.50%,7.06,100.42
127049,希望转2,124.193,0.03%,新希望R,10.07,30.61%,AAA,-,27-11-02,-5.56%,2.19年,81.435,154.80,增强,7.41,会员,13.77,17010.35,1.67%,,增强,1.76,会员,0.80%,会员,会员,18.00%,10.59*,95.09
113694,清源转债,138.151,0.69%,清源股份R,13.57,30.92%,A+,-,31-04-07,-2.67%,5.62年,5.000,169.07,增强,9.00,会员,16.72,3592.97,5.21%,,增强,2.84,会员,0.15%,会员,会员,13.50%,12.86,105.52
113593,沪工转债,132.748,1.66%,上海沪工,21.38,30.94%,A,-,26-07-20,-14.83%,0.90年,3.996,163.69,增强,14.76,会员,27.42,26385.83,49.68%,,增强,5.52,会员,4.55%,会员,会员,5.90%,21.09,101.38
110075,南航转债,127.424,0.34%,南方航空R,6.00,31.04%,AAA,-,26-10-15,-13.68%,1.14年,58.960,158.46,增强,4.32,会员,8.02,18107.16,2.40%,,增强,3.20,会员,2.04%,会员,会员,7.80%,6.17,97.24
110098,南药转债,136.489,0.97%,南京医药,5.33,31.11%,AA+,-,30-12-25,-3.61%,5.34年,10.814,167.60,增强,3.58,会员,6.66,3172.86,2.15%,,增强,0.99,会员,-0.37%,会员,会员,15.80%,5.12,104.10
113066,平煤转债,144.115,2.40%,平煤股份R,8.25,31.36%,AAA,-,29-03-16,-7.28%,3.56年,14.276,175.48,增强,5.26,会员,9.78,11190.95,5.50%,,增强,0.76,会员,1.98%,会员,会员,7.00%,7.52*,109.71
113563,柳药转债,116.160,0.22%,柳药集团R,18.73,31.36%,AA,-,26-01-16,-17.93%,0.40年,8.019,147.52,增强,14.83,会员,27.53,6474.59,6.91%,,增强,0.94,会员,0.54%,会员,会员,10.80%,21.18,88.43
127075,百川转2,125.099,0.99%,百川股份R,7.17,31.38%,A+,-,28-10-19,-1.26%,3.15年,9.668,156.48,增强,5.27,会员,9.79,11569.63,9.54%,,增强,2.10,会员,1.85%,会员,会员,26.00%,7.53**,95.22
118036,力合转债,136.108,0.27%,力合微R,24.79,31.39%,AA-,-,29-06-28,-3.43%,3.84年,3.800,167.50,增强,16.75,会员,31.11,6852.01,13.18%,,增强,3.35,会员,-0.84%,会员,会员,10.50%,23.93*,103.59
110081,闻泰转债,126.612,0.47%,闻泰科技R,42.00,31.44%,AA-,-,27-07-28,-7.21%,1.92年,85.974,158.05,增强,30.52,会员,56.68,27314.19,2.49%,,增强,1.51,会员,3.52%,会员,会员,16.40%,43.60*,96.33
113045,环旭转债,135.280,0.20%,环旭电子R,19.14,31.47%,AA+,-,27-03-04,-12.95%,1.52年,34.497,166.75,增强,13.02,会员,24.18,17757.39,3.77%,,增强,2.31,会员,0.90%,会员,会员,8.20%,18.60,102.90
113661,福22转债,130.675,0.06%,福斯特R,14.64,31.57%,AA,-,28-11-22,-4.26%,3.25年,30.299,162.25,增强,10.32,会员,19.16,14298.28,3.61%,,增强,2.28,会员,0.62%,会员,会员,7.90%,14.74*,99.32
123131,奥飞转债!,307.664,7.36%,奥飞数据R,23.51,31.65%,A+,-,27-12-03,-34.57%,2.27年,3.163,339.31,增强,7.04,会员,13.08,159794.04,160.66%,,增强,6.70,会员,3.11%,会员,会员,1.40%,10.06,233.70
128129,青农转债,116.930,0.00%,青农商行R,3.54,32.12%,AAA,-,26-08-25,-7.66%,1.00年,49.997,149.05,增强,-,会员,5.20,16319.52,2.77%,,增强,0.48,会员,0.57%,会员,会员,28.60%,4.00*,88.50
128128,齐翔转2,127.702,0.47%,齐翔腾达R,5.19,32.13%,AA,-,26-08-20,-14.09%,0.99年,6.794,159.83,增强,3.76,会员,6.98,7707.03,8.87%,,增强,1.26,会员,1.17%,会员,会员,4.80%,5.37,96.65
118038,金宏转债,133.424,-0.70%,金宏气体R,19.15,32.17%,AA-,-,29-07-17,-2.88%,3.90年,10.159,165.59,增强,13.28,会员,24.66,4500.49,3.31%,,增强,2.97,会员,-1.49%,会员,会员,11.00%,18.97*,100.95
118035,国力转债,142.600,-1.21%,国力股份R,67.42,32.28%,A+,-,29-06-12,-4.66%,3.80年,4.800,174.88,增强,43.78,会员,81.30,3895.09,5.63%,,增强,5.59,会员,0.42%,会员,会员,7.50%,62.54,107.80
123088,威唐转债,137.289,-0.84%,威唐工业,15.53,32.52%,A+,-,26-12-15,-11.47%,1.31年,3.004,169.81,增强,10.49,会员,19.49,4177.89,10.10%,,增强,2.40,会员,-1.40%,会员,会员,13.50%,14.99*,103.60
127050,麒麟转债!,132.400,-0.68%,森麒麟R,19.64,32.53%,AA,-,27-11-11,-6.92%,2.21年,20.861,164.93,增强,13.76,会员,25.56,4772.21,1.71%,,增强,1.47,会员,0.10%,会员,会员,14.90%,19.66*,99.90
113666,爱玛转债,130.066,-0.59%,爱玛科技R,37.25,32.96%,AA,-,29-02-23,-3.69%,3.50年,19.994,163.03,增强,26.66,会员,49.50,11548.25,4.42%,,增强,3.35,会员,-1.82%,会员,会员,6.30%,38.08,97.82
118037,上声转债,134.390,0.85%,上声电子R,29.40,33.06%,A+,-,29-07-06,-3.89%,3.87年,4.679,167.45,增强,20.38,会员,37.84,7149.19,11.37%,,增强,2.94,会员,-0.24%,会员,会员,9.80%,29.11*,101.00
123194,百洋转债,132.485,0.47%,百洋医药R,25.25,33.06%,AA-,-,29-04-14,-3.31%,3.64年,8.459,165.55,增强,17.75,会员,32.97,7019.79,6.25%,,增强,5.41,会员,1.57%,会员,会员,6.40%,25.36,99.57
123185,能辉转债,130.685,0.76%,能辉科技R,21.72,33.27%,A+,-,29-03-31,-3.22%,3.60年,3.479,163.96,增强,15.51,会员,28.80,6862.53,15.03%,,增强,3.85,会员,2.40%,会员,会员,14.20%,22.15***,98.06
113605,大参转债,128.965,-0.45%,大参林R,17.11,33.34%,AA,-,26-10-22,-11.77%,1.16年,14.046,162.31,增强,12.38,会员,23.00,3829.19,2.10%,,增强,2.64,会员,-1.04%,会员,会员,7.20%,17.69*,96.72
128142,新乳转债,135.930,0.64%,新乳业R,18.27,33.55%,AA,-,26-12-18,-13.98%,1.31年,7.179,169.48,增强,12.57,会员,23.34,4462.24,4.57%,,增强,4.80,会员,1.84%,会员,会员,4.60%,17.95,101.78
123168,惠云转债,132.731,-0.25%,惠云钛业R,10.66,33.72%,AA-,-,28-11-23,-3.20%,3.25年,4.899,166.45,增强,7.52,会员,13.96,5877.75,9.00%,,增强,3.15,会员,-1.39%,会员,会员,13.80%,10.74,99.26
127069,小熊转债,132.539,0.62%,小熊电器R,51.75,33.72%,AA-,-,28-08-12,-3.60%,2.97年,5.041,166.26,增强,36.55,会员,67.87,4722.26,7.05%,,增强,2.76,会员,1.00%,会员,会员,6.40%,52.21,99.12
123133,佩蒂转债,132.814,0.97%,佩蒂股份,17.44,33.80%,AA-,-,27-12-22,-4.87%,2.33年,7.198,166.61,增强,12.30,会员,22.84,4187.36,4.37%,,增强,2.20,会员,4.06%,会员,会员,25.50%,17.57*,99.26
113053,隆22转债,128.456,-0.25%,隆基绿能R,16.76,34.13%,AAA,-,28-01-05,-6.52%,2.36年,69.951,162.59,增强,12.25,会员,22.75,20449.69,2.26%,,增强,2.14,会员,1.45%,会员,会员,5.50%,17.50*,95.77
110064,建工转债,121.458,0.43%,重庆建工,3.68,34.33%,AA+,-,25-12-20,-21.91%,0.32年,12.644,155.79,增强,2.85,会员,5.29,3700.80,2.40%,,增强,0.89,会员,1.10%,会员,会员,18.10%,4.07**,90.42
113618,美诺转债,143.180,-2.03%,美诺华R,27.28,34.78%,AA-,-,27-01-14,-16.50%,1.39年,4.764,177.96,增强,17.98,会员,33.38,10661.69,15.42%,,增强,2.68,会员,0.55%,会员,会员,8.10%,25.68,106.23
123121,帝尔转债,136.149,0.26%,帝尔激光R,73.99,35.43%,AA-,-,27-08-05,-7.38%,1.95年,8.297,171.58,增强,51.52,会员,95.68,6534.28,5.76%,,增强,5.48,会员,0.41%,会员,会员,6.70%,73.60,100.53
113639,华正转债,143.711,-1.53%,华正新材,40.83,35.55%,AA+,-,28-01-24,-10.20%,2.42年,5.699,179.26,增强,26.96,会员,50.06,14357.99,17.33%,,增强,3.88,会员,-0.85%,会员,会员,9.80%,38.51,106.02
127016,鲁泰转债,117.375,0.45%,鲁泰AR,7.31,36.32%,AA+,-,26-04-09,-8.77%,0.62年,13.998,153.70,增强,5.94,会员,11.04,6053.92,3.67%,,增强,0.62,会员,0.14%,会员,会员,32.50%,8.49,86.10
123183,海顺转债,129.786,0.22%,海顺新材,16.64,36.34%,AA-,-,29-03-23,-2.33%,3.58年,6.329,166.13,增强,12.24,会员,22.72,5359.43,6.51%,,增强,1.83,会员,-0.06%,会员,会员,30.40%,17.48,95.19
113051,节能转债,125.826,0.18%,节能风电R,3.11,36.35%,AA+,-,27-06-21,-6.33%,1.82年,29.985,162.18,增强,2.36,会员,4.38,7738.25,2.04%,,增强,1.12,会员,0.65%,会员,会员,16.20%,3.37,92.28
118056,路维转债,181.000,0.49%,路维光电R,43.39,36.41%,AA-,-,31-06-10,-7.47%,5.79年,6.150,217.41,增强,22.89,会员,42.51,11869.53,10.69%,,增强,5.49,会员,-0.48%,会员,会员,7.30%,32.70,132.69
127110,广核转债,142.000,1.62%,中国广核R,3.81,36.79%,AAA,-,31-07-08,-4.28%,5.87年,49.000,178.79,增强,2.57,会员,4.77,21828.67,3.13%,,增强,1.57,会员,2.97%,会员,会员,3.30%,3.67,103.81
123182,广联转债,130.580,1.04%,广联航空R,21.80,36.80%,A+,-,29-03-22,-2.32%,3.58年,6.996,167.38,增强,15.99,会员,29.69,7494.98,8.18%,,增强,4.76,会员,4.01%,会员,会员,14.20%,22.84,95.45
118009,华锐转债,138.000,0.33%,华锐精密R,65.22,37.10%,A+,-,28-06-24,-5.68%,2.83年,3.998,175.10,增强,45.35,会员,84.23,3944.77,7.15%,,增强,4.13,会员,-1.03%,会员,会员,7.00%,64.79,100.66
118055,伟测转债,174.449,-0.85%,伟测科技R,79.68,37.23%,AA,-,31-04-07,-7.44%,5.62年,11.750,211.68,增强,43.88,会员,81.48,41805.91,20.29%,,增强,4.37,会员,-1.17%,会员,会员,14.30%,62.68,127.12
123254,亿纬转债,134.700,1.89%,亿纬锂能R,49.87,37.45%,AA+,-,31-03-24,-2.60%,5.58年,50.000,172.15,增强,35.62,会员,66.16,31381.93,4.64%,,增强,2.63,会员,2.82%,会员,会员,5.40%,50.89,98.00
118054,安集转债,170.000,-0.90%,安集科技R,159.13,37.52%,AA-,-,31-04-07,-6.06%,5.62年,8.300,207.52,增强,90.11,会员,167.35,15374.47,10.86%,,增强,9.35,会员,-2.06%,会员,会员,3.10%,128.73,123.62
118057,甬矽转债,198.000,1.42%,甬矽电子R,40.79,37.81%,A+,-,31-06-25,-8.61%,5.84年,11.650,235.81,增强,19.87,会员,36.91,68955.88,29.64%,,增强,6.50,会员,1.97%,会员,会员,10.20%,28.39,143.68
118025,奕瑞转债,134.458,-0.43%,奕瑞科技R,112.43,38.13%,AA,-,28-10-24,-5.15%,3.17年,14.217,172.59,增强,80.85,会员,150.15,13192.34,6.88%,,增强,4.64,会员,0.65%,会员,会员,6.30%,115.50*,97.34
111021,奥锐转债,132.591,0.30%,奥锐特,23.89,38.42%,AA-,-,30-07-26,-2.09%,4.92年,8.121,171.01,增强,17.46,会员,32.42,4199.12,3.89%,,增强,3.98,会员,-0.38%,会员,会员,8.60%,24.94,95.79
113623,凤21转债,128.220,0.10%,新凤鸣R,14.61,38.48%,AA,-,27-04-08,-7.18%,1.62年,24.999,166.70,增强,11.05,会员,20.51,25168.45,7.82%,,增强,1.29,会员,0.14%,会员,会员,11.30%,15.78,92.59
127024,盈峰转债,130.068,-2.06%,盈峰环境R,7.20,38.56%,AA+,-,26-11-04,-12.07%,1.20年,14.760,168.63,增强,5.37,会员,9.97,9449.78,4.87%,,增强,1.30,会员,-4.26%,会员,会员,6.50%,7.67,93.87
123210,信服转债,153.031,2.83%,深信服R,122.21,38.88%,AA,-,29-07-27,-7.75%,3.92年,12.146,191.91,增强,77.64,会员,144.18,38163.42,20.54%,,增强,5.72,会员,1.97%,会员,会员,3.60%,110.91,110.19
123224,宇邦转债,134.259,0.45%,宇邦新材R,35.57,39.06%,A+,-,29-09-19,-2.75%,4.07年,2.848,173.32,增强,25.79,会员,47.89,5088.58,13.33%,,增强,2.11,会员,-0.25%,会员,会员,7.70%,36.84*,96.55
113674,华设转债,136.479,0.49%,华设集团R,8.29,39.11%,AA,-,29-07-21,-4.08%,3.91年,3.999,175.59,增强,5.92,会员,10.99,2624.13,4.80%,,增强,1.08,会员,-0.36%,会员,会员,7.10%,8.45,98.11
110073,国投转债,128.571,-0.39%,国投资本R,8.70,39.21%,AAA,-,26-07-24,-18.45%,0.91年,79.992,167.78,增强,-,会员,12.25,31494.33,3.05%,,增强,0.99,会员,1.99%,会员,会员,14.40%,9.42,92.36
123253,永贵转债,143.144,-0.73%,永贵电器R,18.73,39.33%,AA-,-,31-03-12,-3.50%,5.55年,9.800,182.47,增强,12.76,会员,23.70,3471.44,2.46%,,增强,2.91,会员,-1.47%,会员,会员,20.00%,18.23,102.74
123126,瑞丰转债,133.579,0.22%,瑞丰高材,11.15,39.45%,A,-,27-09-10,-2.73%,2.04年,3.399,173.03,增强,8.15,会员,15.13,2324.39,5.11%,,增强,2.45,会员,-0.89%,会员,会员,15.70%,11.64*,95.79
113675,新23转债,134.705,-0.79%,新泉股份R,48.95,39.66%,AA-,-,29-08-11,-3.03%,3.96年,11.599,174.37,增强,35.53,会员,65.98,6462.92,4.09%,,增强,4.08,会员,-0.61%,会员,会员,4.90%,50.75,96.45
110089,兴发转债,132.997,2.16%,兴发集团R,27.02,39.79%,AA+,-,28-09-22,-4.91%,3.08年,27.997,172.79,增强,19.88,会员,36.92,19908.61,5.36%,,增强,1.36,会员,4.40%,会员,会员,9.40%,28.40*,95.14
127027,能化转债,122.651,0.33%,甘肃能化R,2.57,39.84%,AAA,-,26-12-10,-7.01%,1.29年,19.464,162.49,增强,2.05,会员,3.81,7425.76,3.10%,,增强,0.81,会员,1.18%,会员,会员,20.30%,2.93,87.71
123176,精测转2,140.956,-0.49%,精测电子R,65.12,40.07%,AA-,-,29-03-02,-5.49%,3.52年,12.755,181.03,增强,45.30,会员,84.12,9834.21,5.42%,,增强,4.80,会员,0.03%,会员,会员,9.70%,64.71,100.63
113037,紫银转债,115.439,-0.10%,紫金银行R,3.00,40.45%,AA+,-,26-07-23,-5.20%,0.91年,44.995,155.89,增强,-,会员,4.75,8609.11,1.65%,,增强,0.55,会员,0.67%,会员,会员,42.20%,3.65*,82.19
123252,银邦转债,131.535,-0.35%,银邦股份R,11.71,40.51%,AA-,-,31-01-06,-2.06%,5.37年,7.849,172.05,增强,8.76,会员,16.26,3628.06,3.49%,,增强,5.63,会员,-0.26%,会员,会员,9.40%,12.51,93.61
111004,明新转债,130.749,-0.85%,明新旭腾,22.69,40.67%,AA-,-,28-03-30,-3.63%,2.60年,6.729,171.42,增强,17.09,会员,31.73,8050.85,9.12%,,增强,2.20,会员,-2.95%,会员,会员,18.30%,24.41,92.95
127102,浙建转债,128.201,0.08%,浙江建投R,9.93,40.85%,AA+,-,29-12-25,-3.06%,4.34年,9.951,169.05,增强,7.64,会员,14.18,3788.70,2.95%,,增强,1.25,会员,0.30%,会员,会员,9.30%,10.91,91.02
113584,家悦转债,124.399,0.98%,家家悦R,11.12,41.07%,AA,-,26-06-05,-14.93%,0.78年,6.449,165.47,增强,8.83,会员,16.39,2334.18,2.91%,,增强,2.82,会员,1.18%,会员,会员,9.10%,12.61*,88.18
113067,燃23转债,128.623,-0.50%,深圳燃气R,6.74,41.22%,AAA,-,29-07-27,-3.79%,3.92年,29.999,169.84,增强,5.18,会员,9.62,5882.93,1.51%,,增强,1.23,会员,0.30%,会员,会员,15.50%,7.40,91.08
113647,禾丰转债,123.923,-0.80%,禾丰股份R,8.85,41.29%,AA,-,28-04-22,-2.72%,2.66年,14.670,165.21,增强,7.06,会员,13.12,10331.40,5.63%,,增强,1.18,会员,-0.67%,会员,会员,18.20%,10.09,87.71
113643,风语转债,133.317,0.80%,风语筑R,11.13,41.59%,AA-,-,28-03-25,-4.53%,2.58年,4.998,174.91,增强,8.27,会员,15.37,3269.54,4.90%,,增强,2.93,会员,1.46%,会员,会员,7.50%,11.82*,94.16
123214,东宝转债,127.301,-0.39%,东宝生物,5.96,41.62%,A+,-,29-07-31,-2.05%,3.93年,4.550,168.92,增强,4.64,会员,8.62,2917.70,5.00%,,增强,2.07,会员,-0.33%,会员,会员,12.90%,6.63,89.89
118040,宏微转债,142.626,0.82%,宏微科技R,28.71,41.63%,A,-,29-07-25,-4.33%,3.92年,4.300,184.26,增强,19.96,会员,37.06,5249.63,8.51%,,增强,5.77,会员,0.70%,会员,会员,7.00%,28.51*,100.70
111002,特纸转债,128.043,-0.22%,五洲特纸,12.30,41.89%,AA,-,27-12-08,-4.56%,2.29年,6.619,169.93,增强,9.54,会员,17.72,2061.81,2.42%,,增强,1.66,会员,0.00%,会员,会员,13.40%,13.63*,90.24
123257,安克转债,185.259,-3.06%,安克创新R,144.83,42.34%,AA+,-,31-06-16,-8.33%,5.81年,11.048,227.60,增强,77.90,会员,144.66,13475.29,6.50%,,增强,8.21,会员,-0.59%,会员,会员,2.50%,111.28,130.15
113610,灵康转债,137.650,4.08%,灵康药业,6.26,42.92%,A-,-,26-12-01,-11.93%,1.27年,2.530,180.57,增强,4.55,会员,8.45,19414.04,55.79%,,增强,6.01,会员,10.02%,会员,会员,5.60%,6.50**,96.31
123192,科思转债,129.512,-0.14%,科思股份R,15.69,43.55%,AA-,-,29-04-13,-2.23%,3.64年,7.187,173.06,增强,12.17,会员,22.61,3173.83,3.39%,,增强,2.64,会员,-0.19%,会员,会员,10.00%,17.39,90.22
127066,科利转债,133.475,1.51%,科达利R,137.89,43.94%,AA,-,28-07-08,-5.63%,2.87年,15.342,177.42,增强,104.09,会员,193.31,15547.05,7.58%,,增强,3.12,会员,4.10%,会员,会员,5.70%,148.70,92.73
127064,杭氧转债,132.539,-0.05%,杭氧股份R,23.96,44.21%,AA+,-,28-05-19,-6.29%,2.73年,11.366,176.75,增强,18.25,会员,33.89,5429.46,3.58%,,增强,2.47,会员,0.42%,会员,会员,4.90%,26.07*,91.91
123256,恒帅转债,209.900,-0.05%,恒帅股份R,90.94,44.37%,A+,-,31-05-28,-9.51%,5.76年,3.276,254.27,增强,43.79,会员,81.32,2474.42,3.60%,,增强,7.59,会员,-0.97%,会员,会员,3.70%,62.55,145.39
118052,浩瀚转债,145.218,-0.29%,浩瀚深度R,24.39,44.44%,A+,-,31-03-12,-3.44%,5.55年,3.540,189.66,增强,16.98,会员,31.54,6712.06,12.93%,,增强,3.61,会员,-1.57%,会员,会员,14.40%,24.26,100.54
123150,九强转债,127.880,0.09%,九强生物R,14.99,44.86%,AA-,-,28-06-30,-4.08%,2.85年,11.210,172.74,增强,11.89,会员,22.07,2781.42,1.93%,,增强,2.08,会员,0.40%,会员,会员,17.60%,16.98,88.28
113696,伯25转债,149.068,0.07%,伯特利R,53.94,44.87%,AA,-,31-06-30,-4.60%,5.85年,28.020,193.94,增强,36.69,会员,68.15,17505.14,4.16%,,增强,4.79,会员,0.56%,会员,会员,8.60%,52.42,102.90
113693,志邦转债,130.522,0.95%,志邦家居,10.33,45.56%,AA,-,31-03-17,-2.35%,5.56年,6.700,176.08,增强,8.06,会员,14.98,3224.12,3.69%,,增强,1.27,会员,1.47%,会员,会员,14.90%,11.52,89.67
118053,正帆转债,147.000,-2.66%,正帆科技R,38.92,45.56%,AA,-,31-03-17,-4.22%,5.56年,10.410,192.56,增强,26.98,会员,50.10,18848.18,12.07%,,增强,3.06,会员,-1.47%,会员,会员,9.10%,38.54,100.99
127059,永东转2,126.459,-0.11%,永东股份,7.23,45.87%,AA-,-,28-04-08,-2.49%,2.62年,3.791,172.33,增强,5.84,会员,10.84,2466.26,5.12%,,增强,1.15,会员,-0.14%,会员,会员,21.60%,8.34,86.69
123064,万孚转债,127.011,0.09%,万孚生物R,23.11,46.19%,AA,-,26-09-01,-11.93%,1.02年,5.977,173.20,增强,18.62,会员,34.58,5557.39,7.30%,,增强,2.00,会员,0.00%,会员,会员,6.00%,26.60**,86.88
113634,珀莱转债,134.476,0.31%,珀莱雅R,88.51,46.20%,AA,-,27-12-08,-5.55%,2.29年,7.507,180.68,增强,67.36,会员,125.10,2967.21,2.94%,,增强,6.04,会员,0.28%,会员,会员,2.10%,96.23,91.98
123255,鼎龙转债,162.482,-0.07%,鼎龙股份R,31.62,46.86%,AA,-,31-04-01,-6.11%,5.60年,9.100,209.34,增强,20.01,会员,37.15,25358.71,17.22%,,增强,6.23,会员,-2.74%,会员,会员,3.90%,28.58,110.64
123172,漱玉转债,125.759,-0.05%,漱玉平民R,12.79,47.00%,AA-,-,28-12-15,-2.08%,3.31年,7.998,172.76,增强,10.47,会员,19.44,4650.70,4.59%,,增强,2.50,会员,-0.31%,会员,会员,25.70%,14.95*,85.55
123196,正元转02,133.450,-0.41%,正元智慧,19.88,47.21%,A+,-,29-04-18,-3.16%,3.65年,3.502,180.66,增强,15.35,会员,28.51,7204.40,15.32%,,增强,2.62,会员,0.40%,会员,会员,12.60%,21.93*,90.65
123114,三角转债,129.559,0.31%,三角防务R,27.61,47.29%,AA-,-,27-05-25,-5.51%,1.75年,9.003,176.85,增强,21.97,会员,40.81,5253.17,4.49%,,增强,2.57,会员,0.99%,会员,会员,6.10%,31.39,87.96
123171,共同转债,127.047,0.09%,共同药业R,23.31,47.82%,A,-,28-11-28,-1.67%,3.26年,3.799,174.87,增强,18.98,会员,35.26,5560.47,11.50%,,增强,2.91,会员,1.13%,会员,会员,21.30%,27.12,85.95
127031,洋丰转债,129.747,0.39%,新洋丰R,15.00,47.83%,AA,-,27-03-25,-8.05%,1.58年,9.999,177.58,增强,11.96,会员,22.22,5329.51,4.11%,,增强,1.68,会员,0.81%,会员,会员,5.80%,17.09*,87.77
118011,银微转债,128.000,-0.48%,银河微电R,27.09,47.89%,A+,-,28-07-04,-2.50%,2.86年,4.997,175.89,增强,21.91,会员,40.69,4475.25,6.96%,,增强,2.63,会员,-1.53%,会员,会员,14.30%,31.30,86.55
113648,巨星转债,126.200,-0.01%,巨星农牧R,21.35,48.02%,AA-,-,28-04-25,-3.89%,2.67年,8.997,174.22,增强,17.53,会员,32.55,10511.93,9.22%,,增强,3.20,会员,0.95%,会员,会员,8.30%,25.04,85.26
127103,东南转债,117.314,0.63%,东南网架R,4.43,48.29%,AA,-,30-01-03,-0.91%,4.36年,19.999,165.60,增强,3.92,会员,7.28,9974.54,4.25%,,增强,0.76,会员,0.45%,会员,会员,43.20%,5.60,79.11
127108,太能转债,122.894,-0.28%,太阳能R,4.64,48.58%,AA+,-,31-03-27,-0.87%,5.59年,29.500,171.47,增强,3.93,会员,7.29,15905.20,4.37%,,增强,0.77,会员,-0.22%,会员,会员,16.20%,5.61,82.71
123197,光力转债,130.756,0.91%,光力科技,18.58,48.84%,A+,-,29-05-08,-2.25%,3.70年,3.996,179.60,增强,14.81,会员,27.50,9564.52,18.31%,,增强,4.86,会员,3.34%,会员,会员,8.70%,21.15,87.85
123229,艾录转债,135.237,-0.15%,上海艾录R,9.06,50.01%,A+,-,29-10-23,-2.73%,4.16年,1.779,185.25,增强,7.04,会员,13.07,1617.28,6.70%,,增强,2.55,会员,0.11%,会员,会员,6.30%,10.05,90.15
123034,通光转债!,206.790,1.47%,通光线缆,10.83,50.46%,A+,-,25-11-04,-236.5%,0.20年,0.771,257.25,增强,5.52,会员,10.24,51944.64,321.92%,,增强,2.22,会员,7.76%,会员,会员,1.60%,7.88,137.44
111022,锡振转债,162.710,-1.08%,无锡振华,34.58,50.48%,AA-,-,31-06-17,-5.48%,5.81年,5.200,213.19,增强,22.39,会员,41.57,2924.15,3.43%,,增强,3.43,会员,-2.67%,会员,会员,7.00%,31.98,108.13
123216,科顺转债,125.200,0.00%,科顺股份R,5.57,51.04%,AA,-,29-08-04,-1.24%,3.94年,21.978,176.24,增强,4.70,会员,8.74,9783.27,3.53%,,增强,1.25,会员,1.27%,会员,会员,44.50%,6.72*,82.89
127083,山路转债,120.356,0.16%,山东路桥R,6.08,51.24%,AAA,-,29-03-24,-2.05%,3.58年,48.359,171.60,增强,5.35,会员,9.93,6610.72,1.13%,,增强,0.39,会员,0.66%,会员,会员,54.90%,7.64,79.58
113680,丽岛转债,130.871,0.87%,丽岛新材,11.12,51.95%,A+,-,29-11-15,-1.94%,4.23年,2.999,182.82,增强,9.04,会员,16.78,6976.29,17.80%,,增强,1.47,会员,0.63%,会员,会员,12.90%,12.91,86.13
128097,奥佳转债,114.214,-0.12%,奥佳华,7.02,52.12%,A+,-,26-02-25,-7.32%,0.50年,4.583,166.33,增强,6.55,会员,12.16,2238.58,4.27%,,增强,0.98,会员,-0.43%,会员,会员,14.80%,9.35,75.08
127042,嘉美转债,121.675,-0.04%,嘉美包装,3.65,52.34%,AA,-,27-08-09,-3.39%,1.96年,7.498,174.02,增强,3.20,会员,5.94,4316.23,4.70%,,增强,1.44,会员,0.00%,会员,会员,21.60%,4.57,79.87
123195,蓝晓转02,133.826,-0.27%,蓝晓科技R,52.40,52.42%,A+,-,29-04-17,-2.92%,3.65年,5.460,186.25,增强,41.78,会员,77.58,1844.04,2.52%,,增强,6.55,会员,-1.98%,会员,会员,3.40%,59.68,87.80
118024,冠宇转债,125.815,0.25%,珠海冠宇R,18.87,52.61%,AA,-,28-10-24,-2.51%,3.17年,30.889,178.43,增强,16.02,会员,27.47120%,29016.38,7.41%,,增强,2.89,会员,2.95%,会员,会员,14.50%,22.89,82.44
123250,嘉益转债,128.619,0.12%,嘉益股份R,67.90,52.95%,A+,-,30-11-07,-1.52%,5.21年,3.955,181.57,增强,56.53,会员,104.98,3030.28,5.95%,,增强,4.63,会员,-2.37%,会员,会员,4.30%,80.75,84.09
113673,岱美转债,126.500,-0.01%,岱美股份R,6.09,53.09%,AA,-,29-07-18,-2.17%,3.90年,9.079,179.59,增强,5.16,会员,9.58,2689.10,2.33%,,增强,2.62,会员,-0.65%,会员,会员,6.90%,7.37*,82.63
127088,赫达转债,125.200,-0.43%,山东赫达R,13.71,53.88%,AA-,-,29-07-03,-1.22%,3.86年,5.998,179.08,增强,11.80,会员,21.91,3441.60,4.57%,,增强,2.10,会员,-1.22%,会员,会员,13.70%,16.85,81.36
118027,宏图转债,120.205,5.18%,航天宏图R,31.98,53.89%,BBB+,-,28-11-28,-0.03%,3.26年,10.088,174.10,增强,28.66,会员,53.22,84874.18,70.32%,,增强,9.22,会员,20.00%,会员,会员,12.10%,40.94*,78.11
113665,汇通转债,128.210,-0.25%,汇通集团,6.72,53.97%,AA-,-,28-12-15,-2.15%,3.31年,3.596,182.18,增强,5.65,会员,10.49,4597.21,9.92%,,增强,2.82,会员,-0.74%,会员,会员,11.60%,8.07,83.27
113616,韦尔转债,130.687,-0.67%,豪威集团R,137.08,54.68%,AA+,-,26-12-28,-11.10%,1.34年,24.324,185.37,增强,113.57,会员,210.91,16062.39,5.02%,,增强,6.55,会员,0.18%,会员,会员,1.50%,162.24,84.49
113054,绿动转债,121.600,0.31%,绿色动力,7.19,54.75%,AA+,-,28-02-25,-3.18%,2.50年,23.598,176.35,增强,6.41,会员,11.90,6900.69,2.39%,,增强,1.21,会员,0.70%,会员,会员,33.20%,9.15,78.58
113048,晶科转债,129.477,-1.02%,晶科科技R,4.35,55.08%,AA,-,27-04-23,-7.56%,1.66年,22.958,184.56,增强,3.65,会员,6.77,27835.12,9.35%,,增强,1.00,会员,1.64%,会员,会员,14.80%,5.21*,83.49
123175,百畅转债,120.651,0.16%,百川畅银R,15.80,55.78%,A,-,29-02-22,-0.82%,3.50年,4.200,176.43,增强,14.28,会员,26.52,3056.77,6.01%,,增强,1.98,会员,0.25%,会员,会员,16.60%,20.40**,77.45
123039,开润转债,120.128,-0.12%,开润股份,22.45,56.83%,A+,-,25-12-26,-12.77%,0.34年,2.216,176.96,增强,20.52,会员,38.10,2565.58,9.61%,,增强,2.45,会员,0.13%,会员,会员,7.00%,29.31*,76.60
111000,起帆转债,130.599,0.21%,起帆电缆,16.26,57.03%,AA-,-,27-05-24,-6.16%,1.75年,9.992,187.63,增强,13.69,会员,25.42,5475.00,4.19%,,增强,1.43,会员,0.99%,会员,会员,14.90%,19.55,83.17
111010,立昂转债,123.972,-0.80%,立昂微R,26.45,57.44%,AA,-,28-11-14,-2.00%,3.23年,33.896,181.41,增强,23.51,会员,43.67,12950.33,3.06%,,增强,2.45,会员,0.15%,会员,会员,19.10%,33.59*,78.74
113644,艾迪转债,127.413,-0.23%,艾迪精密R,19.07,57.55%,AA-,-,28-04-15,-2.75%,2.64年,9.999,184.96,增强,16.51,会员,30.65,6041.73,4.71%,,增强,4.50,会员,0.79%,会员,会员,6.30%,23.58,80.87
123138,丝路转债,132.827,0.47%,丝路视觉,22.34,57.73%,A,-,28-03-02,-4.26%,2.52年,2.394,190.56,增强,18.57,会员,34.49,3687.93,11.57%,,增强,5.34,会员,1.04%,会员,会员,10.00%,26.53,84.21
123113,仙乐转债,124.497,0.03%,仙乐健康,25.15,57.81%,AA-,-,27-04-19,-4.75%,1.65年,10.248,182.31,增强,22.32,会员,41.44,3804.85,2.97%,,增强,2.97,会员,-0.91%,会员,会员,15.90%,31.88,78.89
111023,利柏转债,142.550,-0.63%,利柏特,10.95,58.04%,AA,-,31-07-02,-3.79%,5.86年,7.500,200.59,增强,8.50,会员,15.78,3150.79,2.93%,,增强,2.62,会员,-0.18%,会员,会员,15.30%,12.14,90.20
127038,国微转债,133.100,0.76%,紫光国微R,81.89,58.15%,AA+,-,27-06-10,-9.36%,1.79年,14.921,191.25,增强,68.11,会员,126.49,9511.80,4.78%,,增强,5.39,会员,-0.96%,会员,会员,2.10%,97.30,84.16
127060,湘佳转债,120.700,-0.08%,湘佳股份,16.08,58.61%,A+,-,28-04-19,-2.55%,2.65年,6.399,179.31,增强,14.79,会员,27.47,2341.86,3.02%,,增强,1.89,会员,-0.62%,会员,会员,30.60%,21.13,76.10
128125,华阳转债,130.065,-0.23%,华阳国际,14.76,58.96%,AA-,-,26-07-30,-14.17%,0.93年,4.497,189.03,增强,12.63,会员,23.45,1860.67,3.17%,,增强,1.85,会员,0.96%,会员,会员,20.10%,18.04*,81.82
113695,华辰转债,154.200,0.50%,江苏华辰,22.81,59.07%,A+,-,31-06-19,-4.43%,5.82年,4.600,213.27,增强,16.47,会员,30.59,2312.56,3.26%,,增强,3.39,会员,0.26%,会员,会员,12.60%,23.53,96.94
127034,绿茵转债,125.272,0.09%,绿茵生态,9.06,59.16%,AA-,-,27-04-30,-4.79%,1.68年,4.279,184.43,增强,8.06,会员,14.96,1863.95,3.46%,,增强,1.16,会员,-0.11%,会员,会员,24.30%,11.51,78.71
123142,申昊转债,125.801,0.49%,申昊科技,26.59,59.48%,A-,-,28-03-18,-3.78%,2.56年,5.495,185.28,增强,23.60,会员,43.82,2563.94,3.70%,,增强,4.93,会员,0.34%,会员,会员,18.70%,33.71,78.88
113625,江山转债,125.367,0.39%,江山欧派,15.58,59.64%,AA-,-,27-06-11,-2.21%,1.79年,5.825,185.01,增强,13.89,会员,25.79,5639.03,7.71%,,增强,2.10,会员,1.37%,会员,会员,21.10%,19.84*,78.53
110092,三房转债,106.394,0.82%,三房巷,1.99,61.47%,A+,-,29-01-06,2.20%,3.37年,24.990,167.86,增强,2.11,会员,3.93,13680.37,5.12%,,增强,1.38,会员,0.00%,会员,会员,32.20%,3.02,65.89
127017,万青转债,117.500,0.38%,万年青R,6.19,61.91%,AA+,-,26-06-03,-4.97%,0.77年,9.996,179.41,增强,5.97,会员,11.09,5405.20,4.59%,,增强,0.73,会员,0.81%,会员,会员,20.30%,8.53*,72.57
113659,莱克转债,124.467,-0.30%,莱克电气R,24.38,61.94%,AA,-,28-10-14,-2.74%,3.14年,11.999,186.41,增强,22.20,会员,41.24,4665.45,3.10%,,增强,2.71,会员,-0.08%,会员,会员,8.60%,31.72,76.86
123071,天能转债,124.669,-0.08%,天能重工R,5.75,61.97%,AA-,-,26-10-21,-5.09%,1.16年,6.938,186.64,增强,5.23,会员,9.71,3928.84,4.52%,,增强,1.11,会员,0.88%,会员,会员,11.80%,7.47*,76.97
128136,立讯转债,125.400,0.48%,立讯精密R,42.95,64.22%,AA+,-,26-11-03,-10.70%,1.19年,29.989,189.62,增强,39.38,会员,73.13,17620.79,4.67%,,增强,4.32,会员,0.59%,会员,会员,1.00%,56.25,76.36
123080,海波转债,180.318,-0.50%,海波重科,12.45,64.82%,A+,-,26-12-02,-26.69%,1.27年,1.486,245.14,增强,7.97,会员,14.79,5760.44,21.45%,,增强,2.35,会员,-3.86%,会员,会员,9.60%,11.38,109.40
110086,精工转债,118.802,0.36%,精工钢构R,3.45,64.93%,AA,-,28-04-22,-1.14%,2.66年,19.999,183.73,增强,3.35,会员,6.23,8480.78,3.55%,,增强,0.76,会员,0.88%,会员,会员,29.10%,4.79,72.03
111009,盛泰转债,123.452,-0.06%,盛泰集团,7.88,65.44%,AA,-,28-11-07,-2.43%,3.21年,7.011,188.89,增强,7.39,会员,13.73,2843.49,3.27%,,增强,1.70,会员,-1.38%,会员,会员,16.00%,10.56,74.62
113682,益丰转债,124.534,-0.61%,益丰药房R,24.11,66.00%,AA,-,30-03-04,-1.82%,4.53年,17.968,190.53,增强,22.50,会员,41.78,9147.14,4.06%,,增强,2.62,会员,-1.75%,会员,会员,6.10%,32.14,75.02
128138,侨银转债,134.300,0.38%,侨银股份,14.35,67.52%,A+,-,26-11-17,-1.11%,1.23年,4.199,201.82,增强,12.53,会员,23.27,2602.38,4.61%,,增强,2.35,会员,0.21%,会员,会员,13.10%,17.90*,80.17
127030,盛虹转债,121.800,-0.57%,东方盛虹R,9.60,67.61%,AA+,-,27-03-22,-6.45%,1.57年,49.975,189.41,增强,9.25,会员,17.17,25412.70,4.16%,,增强,1.83,会员,1.16%,会员,会员,7.90%,13.21,72.67
127085,韵达转债,123.517,-0.03%,韵达股份R,8.61,68.28%,AA+,-,29-04-11,-2.73%,3.63年,24.499,191.80,增强,8.21,会员,15.25,7851.31,2.58%,,增强,1.20,会员,-0.58%,会员,会员,10.10%,11.73,73.40
111014,李子转债,125.054,0.24%,李子园,13.81,68.51%,AA,-,29-06-20,-1.91%,3.82年,5.999,193.56,增强,13.03,会员,24.19,7418.30,9.87%,,增强,3.00,会员,2.30%,会员,会员,11.10%,18.61,74.21
127022,恒逸转债,117.728,-0.42%,恒逸石化R,6.38,68.66%,AA+,-,26-10-16,-8.52%,1.14年,19.998,186.39,增强,6.40,会员,11.88,5797.97,2.45%,,增强,0.94,会员,0.47%,会员,会员,8.70%,9.14*,69.80
127090,兴瑞转债,126.594,-0.31%,兴瑞科技R,19.20,68.79%,AA-,-,29-07-24,-1.74%,3.92年,4.616,195.38,增强,17.92,会员,33.28,2891.77,4.93%,,增强,3.48,会员,-0.62%,会员,会员,8.10%,25.60,75.00
111001,山玻转债,128.919,0.07%,山东玻纤,8.43,69.30%,AA-,-,27-11-08,-3.89%,2.21年,5.998,198.22,增强,7.75,会员,14.39,3656.65,4.71%,,增强,1.94,会员,-0.59%,会员,会员,11.90%,11.07,76.15
118015,芯海转债,128.707,0.48%,芯海科技R,42.16,69.96%,A+,-,28-07-21,-2.65%,2.91年,4.100,198.67,增强,38.97,会员,72.37,2476.99,4.69%,,增强,8.14,会员,-0.52%,会员,会员,6.80%,55.67,75.73
113653,永22转债,126.833,0.57%,永冠新材R,16.63,70.09%,AA-,-,28-07-28,-2.19%,2.93年,7.700,196.92,增强,15.61,会员,28.99,3218.81,3.29%,,增强,1.23,会员,-0.12%,会员,会员,24.20%,22.30*,74.57
127073,天赐转债,125.450,0.55%,天赐材料R,20.95,70.66%,AA,-,27-09-23,-5.67%,2.08年,34.101,196.11,增强,19.95,会员,37.05,10054.59,2.34%,,增强,3.07,会员,2.65%,会员,会员,11.80%,28.50*,73.51
113627,太平转债,121.000,1.22%,太平鸟R,14.77,71.05%,AA,-,27-07-15,-4.14%,1.89年,7.998,192.05,增强,14.62,会员,27.14,7343.24,7.65%,,增强,1.58,会员,-0.14%,会员,会员,11.50%,20.88*,70.74
113679,芯能转债,122.245,-0.33%,芯能科技R,9.01,72.98%,AA-,-,29-10-26,-0.45%,4.17年,8.799,195.23,增强,8.93,会员,16.58,3850.60,3.57%,,增强,1.99,会员,2.04%,会员,会员,19.50%,12.75,70.67
123108,乐普转2,128.526,2.02%,乐普医疗R,20.62,73.22%,AA+,-,26-03-30,-27.25%,0.59年,16.377,201.75,增强,19.45,会员,36.13,22749.13,10.78%,,增强,2.48,会员,13.55%,会员,会员,4.90%,27.79,74.20
123165,回天转债,124.899,0.73%,回天新材R,10.90,74.17%,AA-,-,28-10-27,-1.41%,3.17年,8.498,199.07,增强,10.64,会员,19.76,5116.60,4.81%,,增强,2.12,会员,-0.91%,会员,会员,14.30%,15.20,71.71
127068,顺博转债,119.610,-0.53%,顺博合金,7.72,74.61%,AA-,-,28-08-12,-2.35%,2.97年,8.300,194.22,增强,7.89,会员,14.65,5402.82,5.41%,,增强,1.58,会员,0.13%,会员,会员,25.80%,11.27*,68.50
113671,武进转债,125.783,0.62%,武进不锈,5.71,74.67%,AA,-,29-07-10,-2.48%,3.88年,3.099,200.45,增强,5.55,会员,10.31,1921.08,4.92%,,增强,1.22,会员,1.42%,会员,会员,9.70%,7.93,72.01
118033,华特转债,125.975,-0.17%,华特气体R,59.66,74.67%,AA-,-,29-03-21,-1.50%,3.57年,6.459,200.65,增强,57.90,会员,107.54,5692.58,6.97%,,增强,3.60,会员,-1.53%,会员,会员,9.00%,82.72,72.12
113652,伟22转债,124.340,-0.16%,伟明环保R,19.37,75.05%,AA,-,28-07-22,-3.19%,2.91年,14.768,199.39,增强,19.09,会员,35.45,3118.77,1.69%,,增强,2.36,会员,-0.26%,会员,会员,4.50%,27.27*,71.03
127098,欧晶转债,124.449,0.01%,欧晶科技,29.63,76.40%,AA-,-,29-11-24,-1.57%,4.25年,4.693,200.85,增强,29.40,会员,54.60,3435.99,5.86%,,增强,5.38,会员,-0.57%,会员,会员,18.90%,42.00*,70.55
127062,垒知转债,127.026,0.00%,垒知集团,5.45,76.89%,AA-,-,28-04-21,-2.62%,2.66年,3.959,203.92,增强,5.31,会员,9.87,2584.56,5.12%,,增强,1.04,会员,0.00%,会员,会员,12.50%,7.59,71.81
123124,晶瑞转2,125.100,-0.32%,晶瑞电材R,11.80,77.05%,A+,-,27-08-16,-6.88%,1.98年,5.226,202.15,增强,11.69,会员,21.71,3755.83,5.72%,,增强,4.89,会员,-0.34%,会员,会员,4.40%,16.70,70.66
113636,甬金转债,122.200,-0.17%,甬金股份R,18.50,78.60%,AA-,-,27-12-13,-1.17%,2.30年,9.995,200.80,增强,18.93,会员,35.15,7434.05,6.08%,,增强,1.16,会员,0.71%,会员,会员,14.80%,27.04*,68.42
123151,康医转债,122.698,0.61%,康泰医学R,18.68,80.97%,A+,-,28-07-01,-1.00%,2.85年,6.998,203.67,增强,19.29,会员,35.82,2550.74,2.96%,,增强,4.00,会员,2.36%,会员,会员,14.80%,27.55,67.80
110087,天业转债,125.870,-0.70%,新疆天业R,4.70,81.58%,AA+,-,28-06-23,-4.32%,2.83年,29.999,207.45,增强,4.75,会员,8.81,8270.32,2.18%,,增强,0.86,会员,2.17%,会员,会员,37.40%,6.78,69.32
128121,宏川转债,119.400,-0.02%,宏川智慧R,12.15,82.40%,AA-,-,26-07-17,-10.72%,0.89年,6.520,201.80,增强,12.99,会员,24.13,1563.62,2.00%,,增强,2.11,会员,-0.57%,会员,会员,12.40%,18.56,65.46
113049,长汽转债,120.658,0.02%,长城汽车R,25.66,84.13%,AAA,-,27-06-10,-5.81%,1.79年,34.951,204.79,增强,27.41,会员,50.91,17808.65,4.23%,,增强,2.65,会员,-0.74%,会员,会员,2.20%,39.16,65.53
110076,华海转债,128.150,0.72%,华海药业R,22.71,86.56%,AA,-,26-11-02,-10.98%,1.19年,18.424,214.71,增强,23.14,会员,42.98,5516.39,2.33%,,增强,3.48,会员,0.80%,会员,会员,5.60%,33.06,68.69
127080,声迅转债,128.454,0.42%,*ST声迅,19.58,89.85%,A,-,28-12-30,-2.03%,3.35年,2.794,218.30,增强,20.26,会员,37.62,1792.36,5.00%,,增强,2.28,会员,-2.20%,会员,会员,20.80%,28.94,67.66
128108,蓝帆转债,109.402,0.00%,蓝帆医疗R,6.53,92.68%,AA-,-,26-05-28,-1.70%,0.76年,15.205,202.08,增强,8.05,会员,14.95,6455.45,3.87%,,增强,0.79,会员,1.56%,会员,会员,23.30%,11.50***,56.78
127067,恒逸转2,119.108,-0.13%,恒逸石化R,6.38,93.61%,AA+,-,28-07-21,-2.04%,2.91年,29.996,212.72,增强,7.26,会员,13.48,7099.51,1.98%,,增强,0.94,会员,0.47%,会员,会员,13.10%,10.37,61.52
127044,蒙娜转债,124.523,1.73%,蒙娜丽莎,12.72,93.84%,AA-,-,27-08-16,-4.49%,1.98年,3.371,218.36,增强,13.86,会员,25.74,7613.92,18.06%,,增强,1.61,会员,10.03%,会员,会员,12.10%,19.80*,64.24
118000,嘉元转债,129.555,1.64%,嘉元科技R,27.62,96.44%,A+,-,27-02-23,-6.41%,1.50年,9.784,226.00,增强,29.32,会员,54.44,8801.79,6.95%,,增强,1.71,会员,6.56%,会员,会员,8.30%,41.88*,65.95
128119,龙大转债,117.090,-0.12%,龙大美食R,5.51,97.62%,A+,-,26-07-13,-2.02%,0.88年,9.460,214.71,增强,6.51,会员,12.09,4376.46,3.94%,,增强,3.94,会员,0.36%,会员,会员,15.90%,9.30,59.25
123117,健帆转债,124.329,-0.85%,健帆生物R,24.13,99.15%,AA,-,27-06-23,-5.70%,1.83年,9.998,223.48,增强,27.06,会员,50.25,3892.84,3.10%,,增强,6.14,会员,1.73%,会员,会员,8.10%,38.65**,62.43
127056,中特转债,117.216,0.49%,中信特钢R,13.18,99.48%,AAA,-,28-02-25,-2.94%,2.50年,49.996,216.70,增强,15.70,会员,29.16,9649.76,1.64%,,增强,1.60,会员,2.97%,会员,会员,7.50%,22.43,58.76
113638,台21转债,122.599,0.03%,台华新材R,9.92,100.10%,AA,-,27-12-29,-2.63%,2.35年,5.997,222.70,增强,11.33,会员,21.05,2581.43,3.50%,,增强,1.70,会员,-0.10%,会员,会员,6.80%,16.19,61.27
123122,富瀚转债,122.100,-0.16%,富瀚微R,55.88,100.36%,A+,-,27-08-06,-2.19%,1.95年,5.803,222.46,增强,64.18,会员,119.20,3673.56,5.15%,,增强,4.69,会员,-0.73%,会员,会员,4.70%,91.69,60.94
110085,通22转债,124.919,-0.52%,通威股份R,21.57,100.38%,AAA,-,28-02-24,-4.24%,2.50年,119.832,225.30,增强,24.22,会员,44.98,22225.93,1.48%,,增强,2.10,会员,2.57%,会员,会员,12.30%,34.60,62.34
123090,三诺转债,124.042,0.34%,三诺生物R,21.26,101.07%,AA,-,26-12-21,-6.38%,1.32年,4.984,225.11,增强,24.12,会员,44.80,1933.97,3.12%,,增强,3.47,会员,0.71%,会员,会员,5.20%,34.46,61.69
123104,卫宁转债,127.650,-0.03%,卫宁健康R,10.88,103.10%,AA,-,27-03-16,-3.00%,1.56年,9.699,230.75,增强,12.12,会员,22.50,5940.18,4.78%,,增强,3.92,会员,-0.37%,会员,会员,4.70%,17.31,62.85
113660,寿22转债,124.591,0.13%,寿仙谷,22.48,104.18%,AA-,-,28-11-17,-2.10%,3.23年,3.977,228.77,增强,25.79,会员,47.89,1331.28,2.68%,,增强,1.89,会员,-0.75%,会员,会员,8.90%,36.84,61.02
127046,百润转债,125.363,0.29%,百润股份R,28.56,104.81%,AA,-,27-09-29,-4.81%,2.10年,11.275,230.17,增强,32.66,会员,60.66,15010.31,10.61%,,增强,6.19,会员,1.03%,会员,会员,5.50%,46.66,61.21
128134,鸿路转债,120.200,-1.07%,鸿路钢构R,18.10,113.05%,AA,-,26-10-09,-6.35%,1.12年,15.727,233.25,增强,22.46,会员,41.70,5918.78,3.12%,,增强,1.30,会员,-1.84%,会员,会员,17.50%,32.08,56.42
123144,裕兴转债,120.914,-0.25%,裕兴股份,6.85,120.49%,A+,-,28-04-11,-0.78%,2.63年,5.997,241.40,增强,8.74,会员,16.24,3814.77,5.25%,,增强,1.17,会员,-0.58%,会员,会员,27.20%,12.49,54.84
113670,金23转债,120.254,0.34%,金牌家居,20.52,120.57%,AA,-,29-04-17,-0.22%,3.65年,7.700,240.82,增强,26.35,会员,48.93,4528.50,4.88%,,增强,1.11,会员,-0.10%,会员,会员,24.30%,37.64,54.52
118018,瑞科转债,122.208,-0.36%,瑞华泰R,17.01,122.08%,A,-,28-08-18,-2.54%,2.98年,4.300,244.29,增强,21.64,会员,40.18,1759.55,3.33%,,增强,3.32,会员,-2.80%,会员,会员,14.00%,30.91,55.03
123109,昌红转债,126.376,0.54%,昌红科技R,15.12,123.32%,AA-,-,27-04-01,-4.51%,1.60年,4.595,249.70,增强,18.70,会员,34.74,4740.51,8.15%,,增强,5.02,会员,-0.92%,会员,会员,8.20%,26.72,56.59
113633,科沃转债,124.067,1.62%,科沃斯R,96.29,125.29%,AA,-,27-11-30,-4.00%,2.27年,10.396,249.36,增强,122.40,会员,227.31,8131.09,6.31%,,增强,6.88,会员,5.82%,会员,会员,1.90%,174.85,55.07
123180,浙矿转债,123.956,0.20%,浙矿股份,25.39,133.79%,AA-,-,29-03-09,-1.10%,3.54年,3.199,257.75,增强,33.52,会员,62.26,1341.13,3.38%,,增强,1.79,会员,-0.63%,会员,会员,18.30%,47.89,53.02
113579,健友转债,115.531,0.34%,健友股份R,11.72,139.94%,AA,-,26-04-23,-8.60%,0.66年,5.025,255.47,增强,17.04,会员,31.64,2817.25,4.84%,,增强,2.88,会员,0.69%,会员,会员,2.70%,24.34,48.15
118005,天奈转债,121.334,0.12%,天奈科技R,49.39,143.50%,AA-,-,28-01-27,-2.84%,2.42年,8.299,264.83,增强,69.38,会员,128.84,3292.03,3.26%,,增强,6.15,会员,0.90%,会员,会员,4.90%,99.11,49.83
113650,博22转债,120.948,-0.09%,苏博特R,11.20,147.29%,AA-,-,28-07-01,-0.73%,2.85年,7.996,268.24,增强,16.03,会员,29.77,2917.46,3.01%,,增强,1.12,会员,-0.27%,会员,会员,17.00%,22.90,48.91
118032,建龙转债,122.432,0.38%,建龙微纳R,35.10,150.12%,AA-,-,29-03-08,-0.70%,3.54年,6.999,272.55,增强,50.20,会员,93.22,3156.13,3.68%,,增强,1.93,会员,3.72%,会员,会员,19.90%,71.71,48.95
123179,立高转债,121.904,0.28%,立高食品R,46.29,151.04%,AA-,-,29-03-07,-0.55%,3.53年,9.500,272.94,增强,66.73,会员,123.93,2744.34,2.36%,,增强,3.00,会员,3.70%,会员,会员,17.60%,95.33,48.56
118042,奥维转债,120.700,-0.16%,奥特维R,39.96,156.37%,AA-,-,29-08-10,-0.30%,3.96年,11.400,277.07,增强,59.42,会员,110.34,3254.22,2.36%,,增强,3.01,会员,-1.62%,会员,会员,9.80%,84.88,47.08
113624,正川转债,125.964,0.02%,正川股份,22.09,161.01%,A+,-,27-04-28,-4.17%,1.67年,4.048,286.97,增强,32.04,会员,59.50,2037.98,3.99%,,增强,2.71,会员,-0.67%,会员,会员,12.10%,45.77,48.26
123154,火星转债,120.393,0.25%,火星人R,14.78,168.37%,AA-,-,28-08-05,-0.54%,2.95年,5.289,288.76,增强,23.07,会员,42.84,2334.40,3.66%,,增强,4.41,会员,2.28%,会员,会员,12.20%,32.95,44.86
118034,晶能转债,118.052,-0.36%,晶科能源R,5.73,177.70%,AA+,-,29-04-20,-1.48%,3.65年,99.999,295.75,增强,9.44,会员,16.18120%,23217.02,1.96%,,增强,1.86,会员,0.70%,会员,会员,17.40%,13.48,42.51
118022,锂科转债,115.200,0.10%,五矿新能R,6.39,179.95%,AA,-,28-10-11,-0.26%,3.13年,32.497,295.15,增强,10.87,会员,20.19,19414.77,5.16%,,增强,1.77,会员,5.97%,会员,会员,26.40%,15.53,41.15
127025,冀东转债,111.000,0.60%,冀东水泥R,5.15,180.44%,AAA,-,26-11-05,-2.68%,1.20年,17.764,291.44,增强,9.11,会员,16.91,6337.47,3.21%,,增强,0.51,会员,1.38%,会员,会员,13.10%,13.01,39.58
113655,欧22转债,133.954,4.14%,欧派家居R,55.91,183.86%,AA,-,28-08-05,-5.03%,2.95年,19.999,317.81,增强,82.94,会员,154.02,43309.93,16.18%,,增强,1.76,会员,3.15%,会员,会员,5.90%,118.48*,47.19
128135,洽洽转债,118.892,-0.09%,洽洽食品R,23.33,185.04%,AA,-,26-10-20,-1.55%,1.15年,13.398,303.93,增强,39.15,会员,72.71,4375.85,2.74%,,增强,2.27,会员,-0.17%,会员,会员,11.40%,55.93,41.71
113059,福莱转债,119.009,0.14%,福莱特R,17.04,191.33%,AA,-,28-05-20,-1.17%,2.74年,39.999,310.34,增强,29.20,会员,54.22,11794.77,2.48%,,增强,1.84,会员,1.19%,会员,会员,12.40%,41.71,40.85
123072,乐歌转债,134.680,-0.10%,乐歌股份,15.14,192.78%,A+,-,26-10-21,-7.41%,1.16年,1.418,327.46,增强,23.04,会员,42.78,1459.82,7.63%,,增强,1.40,会员,-0.59%,会员,会员,2.90%,32.91,46.00
118010,洁特转债,119.619,0.37%,洁特生物R,19.56,193.26%,A+,-,28-06-28,-1.92%,2.84年,4.399,312.88,增强,33.57,会员,62.34,2437.19,4.63%,,增强,2.28,会员,0.36%,会员,会员,16.00%,47.95,40.79
128124,科华转债,116.222,-1.88%,科华生物,7.34,226.83%,A+,-,26-07-28,-9.56%,0.92年,2.250,343.05,增强,14.45,会员,26.83,5663.36,21.59%,,增强,1.14,会员,-0.14%,会员,会员,6.00%,20.64,35.56
123065,宝莱转债,132.092,-0.08%,宝莱特,9.48,234.66%,AA-,-,26-09-04,-11.00%,1.03年,2.188,366.75,增强,16.81,会员,31.23,1674.38,5.79%,,增强,2.05,会员,0.32%,会员,会员,10.90%,24.02,39.47
113589,天创转债,219.898,-0.76%,天创时尚,7.75,248.71%,A-,-,26-06-24,-60.40%,0.83年,0.666,468.61,增强,8.60,会员,15.98,2006.89,13.65%,,增强,3.12,会员,-4.79%,会员,会员,2.00%,12.29,63.06
118020,芳源转债,122.250,0.33%,芳源股份R,6.04,277.08%,BBB,-,28-09-23,1.34%,3.08年,6.417,399.33,增强,13.04,会员,24.22,5851.64,7.40%,,增强,6.00,会员,1.17%,会员,会员,20.80%,18.63,32.42
113575,东时转债,196.060,-8.70%,ST东时,3.77,531.84%,CCC,-,26-04-09,-72.54%,0.62年,0.976,727.90,增强,8.51,会员,15.80,218708.58,1090.40%,,增强,3.07,会员,5.01%,会员,会员,3.60%,12.15,31.03
